First Name,Last Name,Mailing Address,Mailing City,Mailing State,Mailing Zip,Property Address,Property City,Property State,Property Zip,Lead Type,Document Type,Date Filed,Document Number,Amount/Debt Owed,Seller Score,Motivated Seller Flags,Source,Public Records URL
ESTATE,,,,,,,,GA,,Pre-Foreclosure,Notice of Sale Under Power,2026-09-30,GPN-93d08547d1c1ae6e,,70,Pre-foreclosure; New this week; Owns 2 distressed properties,Georgia Public Notice (legal organ advertisement),https://www.georgiapublicnotice.com/search.aspx
"BUYSIDE CAPITAL ADVISORS, LLC",,,,,,5492 LEGACY TRL,,GA,,Tax Delinquent / Tax Sale,Tax Sale / FiFa (DOUGLAS),2026-09-01,TAX-2025-00050150060,1308.63,70,Tax delinquent; Past tax sale / redemption period; LLC / corp owner; Owns 6 distressed properties,Douglas County Tax Commissioner (delinquent tax list),https://douglastax.org/delinquent-tax-list
G R,Thomason,,,,,0 WARREN DR,,GA,,Tax Delinquent / Tax Sale,Tax Sale / FiFa (DOUGLAS),2026-09-01,TAX-2025-0017015A079,427.66,70,Tax delinquent; Past tax sale / redemption period; Owns 4 distressed properties,Douglas County Tax Commissioner (delinquent tax list),https://douglastax.org/delinquent-tax-list
"MORRIS FLOYD, ESTATE",,,,,,0 JAMES D. SIMPSON AVE,,GA,,Tax Delinquent / Tax Sale,Tax Sale / FiFa (DOUGLAS),2026-09-01,TAX-2025-0017015B014,345.38,70,Tax delinquent; Past tax sale / redemption period; Owns 2 distressed properties,Douglas County Tax Commissioner (delinquent tax list),https://douglastax.org/delinquent-tax-list
"David J, Iii",Hughes,,,,,0 MORRIS DR,,GA,,Tax Delinquent / Tax Sale,Tax Sale / FiFa (DOUGLAS),2026-09-01,TAX-2024-0018015A063,275.08,70,Tax delinquent; Past tax sale / redemption period; Owns 5 distressed properties,Douglas County Tax Commissioner (delinquent tax list),https://douglastax.org/delinquent-tax-list
Pamela Almond,Hope,,,,,8285 COURTLAND ST,,GA,,Tax Delinquent / Tax Sale,Tax Sale / FiFa (DOUGLAS),2026-09-01,TAX-2024-00200150213,3079.90,70,Tax delinquent; Past tax sale / redemption period; Owns 3 distressed properties,Douglas County Tax Commissioner (delinquent tax list),https://douglastax.org/delinquent-tax-list
Felix,Garcia,,,,,8910 COUNTRY CLUB DR,,GA,,Tax Delinquent / Tax Sale,Tax Sale / FiFa (DOUGLAS),2026-09-01,TAX-2025-0022015A032,5792.44,70,Tax delinquent; Past tax sale / redemption period; Owns 2 distressed properties,Douglas County Tax Commissioner (delinquent tax list),https://douglastax.org/delinquent-tax-list
Ivey Latrelle,Bell,,,,,4805 SMOKESTONE DR,,GA,,Tax Delinquent / Tax Sale,Tax Sale / FiFa (DOUGLAS),2026-09-01,TAX-2025-00420150075,409.55,70,Tax delinquent; Past tax sale / redemption period; Owns 2 distressed properties,Douglas County Tax Commissioner (delinquent tax list),https://douglastax.org/delinquent-tax-list
John,Colbert,,,,,4012 JOSHUA LN,,GA,,Tax Delinquent / Tax Sale,Tax Sale / FiFa (DOUGLAS),2026-09-01,TAX-2025-00440150239,325.14,70,Tax delinquent; Past tax sale / redemption period; Owns 2 distressed properties,Douglas County Tax Commissioner (delinquent tax list),https://douglastax.org/delinquent-tax-list
"CARRY-ON PROPERTIES, LLC",,,,,,2806 HYDE PARK DR,,GA,,Tax Delinquent / Tax Sale,Tax Sale / FiFa (DOUGLAS),2026-09-01,TAX-2025-00480150055,2580.84,70,Tax delinquent; Past tax sale / redemption period; LLC / corp owner; Owns 2 distressed properties,Douglas County Tax Commissioner (delinquent tax list),https://douglastax.org/delinquent-tax-list
1231 HOLDINGS LLC,,,,,,4627 CRESANT LN,,GA,,Tax Delinquent / Tax Sale,Tax Sale / FiFa (DOUGLAS),2026-09-01,TAX-2025-00480150114,308.79,70,Tax delinquent; Past tax sale / redemption period; LLC / corp owner; Owns 6 distressed properties,Douglas County Tax Commissioner (delinquent tax list),https://douglastax.org/delinquent-tax-list
Mary Annette,Thomason,,,,,8615 E UNION HILL RD,,GA,,Tax Delinquent / Tax Sale,Tax Sale / FiFa (DOUGLAS),2026-09-01,TAX-2023-00540250017,1132.91,70,Tax delinquent; Past tax sale / redemption period; Owns 3 distressed properties,Douglas County Tax Commissioner (delinquent tax list),https://douglastax.org/delinquent-tax-list
Ronald J,Brown,,,,,5835 N BEAR DR,,GA,,Tax Delinquent / Tax Sale,Tax Sale / FiFa (DOUGLAS),2026-09-01,TAX-2025-00660250043,514.11,70,Tax delinquent; Past tax sale / redemption period; Owns 2 distressed properties,Douglas County Tax Commissioner (delinquent tax list),https://douglastax.org/delinquent-tax-list
George,Thomason,,,,,0 SIMON RD,,GA,,Tax Delinquent / Tax Sale,Tax Sale / FiFa (DOUGLAS),2026-09-01,TAX-2025-00880150082,273.06,70,Tax delinquent; Past tax sale / redemption period; Owns 2 distressed properties,Douglas County Tax Commissioner (delinquent tax list),https://douglastax.org/delinquent-tax-list
Marantha,Orassin,,,,,7466 CHERRY BLOSSOM WAY,,GA,,Tax Delinquent / Tax Sale,Tax Sale / FiFa (DOUGLAS),2026-09-01,TAX-2025-00900250056,521.14,70,Tax delinquent; Past tax sale / redemption period; Owns 2 distressed properties,Douglas County Tax Commissioner (delinquent tax list),https://douglastax.org/delinquent-tax-list
Shirley A,Newman,,,,,3291 JESSICA DR,,GA,,Tax Delinquent / Tax Sale,Tax Sale / FiFa (DOUGLAS),2026-09-01,TAX-2025-01030150058,3980.99,70,Tax delinquent; Past tax sale / redemption period; Owns 2 distressed properties,Douglas County Tax Commissioner (delinquent tax list),https://douglastax.org/delinquent-tax-list
"NASH CLINTON LAMAR, ESTATE",,,,,,0 ANNEEWAKEE RD OFF,,GA,,Tax Delinquent / Tax Sale,Tax Sale / FiFa (DOUGLAS),2026-09-01,TAX-2025-01120150019,728.38,70,Tax delinquent; Past tax sale / redemption period; Owns 2 distressed properties,Douglas County Tax Commissioner (delinquent tax list),https://douglastax.org/delinquent-tax-list
Jordan,Quinten,,,,,2820 RHETT BUTLER DR,,GA,,Tax Delinquent / Tax Sale,Tax Sale / FiFa (DOUGLAS),2026-09-01,TAX-2024-01290150116,101.23,70,Tax delinquent; Past tax sale / redemption period; Owns 2 distressed properties,Douglas County Tax Commissioner (delinquent tax list),https://douglastax.org/delinquent-tax-list
George Roland,Thomason,,,,,0 MT VERNON RD,,GA,,Tax Delinquent / Tax Sale,Tax Sale / FiFa (DOUGLAS),2026-09-01,TAX-2023-01320150036,635.28,70,Tax delinquent; Past tax sale / redemption period; Owns 2 distressed properties,Douglas County Tax Commissioner (delinquent tax list),https://douglastax.org/delinquent-tax-list
Michael Keith,Brookshire,,,,,3279 ROBIN HOOD LN,,GA,,Tax Delinquent / Tax Sale,Tax Sale / FiFa (DOUGLAS),2026-09-01,TAX-2025-01320250018,558.08,70,Tax delinquent; Past tax sale / redemption period; Owns 2 distressed properties,Douglas County Tax Commissioner (delinquent tax list),https://douglastax.org/delinquent-tax-list
George R,Thomason,,,,,3789 CHATTAHOOCHEE DR,,GA,,Tax Delinquent / Tax Sale,Tax Sale / FiFa (DOUGLAS),2026-09-01,TAX-2025-01470150016,431.89,70,Tax delinquent; Past tax sale / redemption period; Owns 8 distressed properties,Douglas County Tax Commissioner (delinquent tax list),https://douglastax.org/delinquent-tax-list
George R,Thomason,,,,,0 GRANT DR,,GA,,Tax Delinquent / Tax Sale,Tax Sale / FiFa (DOUGLAS),2026-09-01,TAX-2023-01570150129,220.56,70,Tax delinquent; Past tax sale / redemption period; Owns 4 distressed properties,Douglas County Tax Commissioner (delinquent tax list),https://douglastax.org/delinquent-tax-list
"CLEMENT, LINDA AND WILLIAM EUGENE, TRUSTEE",,,,,,6695 JOHN WEST RD,,GA,,Tax Delinquent / Tax Sale,Tax Sale / FiFa (DOUGLAS),2026-09-01,TAX-2025-01570250186,60.31,70,Tax delinquent; Past tax sale / redemption period; Owns 2 distressed properties,Douglas County Tax Commissioner (delinquent tax list),https://douglastax.org/delinquent-tax-list
FAIRGREEN CAPITAL LLC,,,,,,4008 JEFFER'S PTE,,GA,,Tax Delinquent / Tax Sale,Tax Sale / FiFa (DOUGLAS),2026-09-01,TAX-2023-01740250195,918.28,70,Tax delinquent; Past tax sale / redemption period; LLC / corp owner; Owns 4 distressed properties,Douglas County Tax Commissioner (delinquent tax list),https://douglastax.org/delinquent-tax-list
INVGRP13 LLC,,,,,,2638 NEIGHBORHOOD WALK,,GA,,Tax Delinquent / Tax Sale,Tax Sale / FiFa (DOUGLAS),2026-09-01,TAX-2023-01750250164,909.24,70,Tax delinquent; Past tax sale / redemption period; LLC / corp owner; Owns 3 distressed properties,Douglas County Tax Commissioner (delinquent tax list),https://douglastax.org/delinquent-tax-list
Norman Lamar,Arnold,,,,,1892 S FLAT ROCK RD,,GA,,Tax Delinquent / Tax Sale,Tax Sale / FiFa (DOUGLAS),2026-09-01,TAX-2025-01950250010,1082.37,70,Tax delinquent; Past tax sale / redemption period; Owns 2 distressed properties,Douglas County Tax Commissioner (delinquent tax list),https://douglastax.org/delinquent-tax-list
Thomas,Smith,,,,,3715 RILEY RD 30134 330,,GA,,Tax Delinquent / Tax Sale,Tax Sale / FiFa (DOUGLAS),2026-09-01,TAX-2025-05611820002,2525.82,70,Tax delinquent; Past tax sale / redemption period; Owns 2 distressed properties,Douglas County Tax Commissioner (delinquent tax list),https://douglastax.org/delinquent-tax-list
J Franklin,Lee,,,,,0 BRAMBLE OAK DR OFF,,GA,,Tax Delinquent / Tax Sale,Tax Sale / FiFa (DOUGLAS),2026-09-01,TAX-2025-07000130037,1285.09,70,Tax delinquent; Past tax sale / redemption period; Owns 3 distressed properties,Douglas County Tax Commissioner (delinquent tax list),https://douglastax.org/delinquent-tax-list
Gregory M,Stephens,,,,,,,GA,,Pre-Foreclosure,Notice of Sale Under Power,2026-09-30,GPN-2081c5c8ae27df68,,65,Pre-foreclosure; New this week,Georgia Public Notice (legal organ advertisement),https://www.georgiapublicnotice.com/search.aspx
Janis A,Brooks,,,,,,,GA,,Pre-Foreclosure,Notice of Sale Under Power,2026-09-30,GPN-490d75b5f18120c5,,65,Pre-foreclosure; New this week,Georgia Public Notice (legal organ advertisement),https://www.georgiapublicnotice.com/search.aspx
Garrett William,Feis,,,,,,,GA,,Pre-Foreclosure,Notice of Sale Under Power,2026-09-30,GPN-05194138baf648bd,,65,Pre-foreclosure; New this week,Georgia Public Notice (legal organ advertisement),https://www.georgiapublicnotice.com/search.aspx
Diene,Kaba,,,,,,,GA,,Pre-Foreclosure,Notice of Sale Under Power,2026-09-30,GPN-bb183e791ae05ac1,,65,Pre-foreclosure; New this week,Georgia Public Notice (legal organ advertisement),https://www.georgiapublicnotice.com/search.aspx
Ginger,Kirby,,,,,,,GA,,Pre-Foreclosure,Notice of Sale Under Power,2026-09-30,GPN-c8873628874a6b03,,65,Pre-foreclosure; New this week,Georgia Public Notice (legal organ advertisement),https://www.georgiapublicnotice.com/search.aspx
Valorie,Williams,,,,,,,GA,,Pre-Foreclosure,Notice of Sale Under Power,2026-09-30,GPN-c81dadaa9bc69d13,,65,Pre-foreclosure; New this week,Georgia Public Notice (legal organ advertisement),https://www.georgiapublicnotice.com/search.aspx
Adrianus,De Groot,,,,,5682 YORKTOWN RD,,GA,,Tax Delinquent / Tax Sale,Tax Sale / FiFa (DOUGLAS),2026-09-01,TAX-2025-00040250057,6648.88,65,Tax delinquent; Past tax sale / redemption period,Douglas County Tax Commissioner (delinquent tax list),https://douglastax.org/delinquent-tax-list
"EMPRESS LUXURY, LLC",,,,,,5421 CARROLL DR,,GA,,Tax Delinquent / Tax Sale,Tax Sale / FiFa (DOUGLAS),2026-09-01,TAX-2025-00060150013,1320.59,65,Tax delinquent; Past tax sale / redemption period; LLC / corp owner,Douglas County Tax Commissioner (delinquent tax list),https://douglastax.org/delinquent-tax-list
"MCSWAIN, M, TRUSTEE OF THE 8040",,,,,,8040 BANKS MILL RD,,GA,,Tax Delinquent / Tax Sale,Tax Sale / FiFa (DOUGLAS),2026-09-01,TAX-2025-00090250025,7469.06,65,Tax delinquent; Past tax sale / redemption period,Douglas County Tax Commissioner (delinquent tax list),https://douglastax.org/delinquent-tax-list
"Rita Adele, Administrator Of",Morga,,,,,5462 CENTRAL CHURCH RD,,GA,,Tax Delinquent / Tax Sale,Tax Sale / FiFa (DOUGLAS),2026-09-01,TAX-2025-00100150005,1206.01,65,Tax delinquent; Past tax sale / redemption period,Douglas County Tax Commissioner (delinquent tax list),https://douglastax.org/delinquent-tax-list
"Rita Adele, Administrator Of",Traylor,,,,,5454 CENTRAL CHURCH RD,,GA,,Tax Delinquent / Tax Sale,Tax Sale / FiFa (DOUGLAS),2026-09-01,TAX-2025-00100150092,573.64,65,Tax delinquent; Past tax sale / redemption period,Douglas County Tax Commissioner (delinquent tax list),https://douglastax.org/delinquent-tax-list
Khurram Shahzad,Dar,,,,,3883 REFINEMENT WAY,,GA,,Tax Delinquent / Tax Sale,Tax Sale / FiFa (DOUGLAS),2026-09-01,TAX-2025-00100150113,562.80,65,Tax delinquent; Past tax sale / redemption period,Douglas County Tax Commissioner (delinquent tax list),https://douglastax.org/delinquent-tax-list
"Render Lewis, Jr",Crowder,,,,,5731 POST RD,,GA,,Tax Delinquent / Tax Sale,Tax Sale / FiFa (DOUGLAS),2026-09-01,TAX-2025-00110250017,4292.56,65,Tax delinquent; Past tax sale / redemption period,Douglas County Tax Commissioner (delinquent tax list),https://douglastax.org/delinquent-tax-list
Evans Michael,Duane,,,,,6075 HICKORY BEND DR,,GA,,Tax Delinquent / Tax Sale,Tax Sale / FiFa (DOUGLAS),2026-09-01,TAX-2024-00110350015,1496.23,65,Tax delinquent; Past tax sale / redemption period,Douglas County Tax Commissioner (delinquent tax list),https://douglastax.org/delinquent-tax-list
"STRATEGICSQUARE, LLC",,,,,,6694 LIVE OAK LN 30135 624,,GA,,Tax Delinquent / Tax Sale,Tax Sale / FiFa (DOUGLAS),2026-09-01,TAX-2025-00120150120,4546.89,65,Tax delinquent; Past tax sale / redemption period; LLC / corp owner,Douglas County Tax Commissioner (delinquent tax list),https://douglastax.org/delinquent-tax-list
Mickey,Jefferson,,,,,5472 TYREE RD,,GA,,Tax Delinquent / Tax Sale,Tax Sale / FiFa (DOUGLAS),2026-09-01,TAX-2025-00120250035,6923.39,65,Tax delinquent; Past tax sale / redemption period,Douglas County Tax Commissioner (delinquent tax list),https://douglastax.org/delinquent-tax-list
"S AND T HOLDING COMPANY, LLC",,,,,,9442 CEDAR CREEK PL,,GA,,Tax Delinquent / Tax Sale,Tax Sale / FiFa (DOUGLAS),2026-09-01,TAX-2025-00130150013,4293.39,65,Tax delinquent; Past tax sale / redemption period; LLC / corp owner,Douglas County Tax Commissioner (delinquent tax list),https://douglastax.org/delinquent-tax-list
Emmanuel,Hairetis,,,,,9446 CEDAR CREEK PL,,GA,,Tax Delinquent / Tax Sale,Tax Sale / FiFa (DOUGLAS),2026-09-01,TAX-2024-00130150014,2132.93,65,Tax delinquent; Past tax sale / redemption period,Douglas County Tax Commissioner (delinquent tax list),https://douglastax.org/delinquent-tax-list
Ricky,Hampton,,,,,6823 WOODCREEK LN,,GA,,Tax Delinquent / Tax Sale,Tax Sale / FiFa (DOUGLAS),2026-09-01,TAX-2025-00130150162,1160.94,65,Tax delinquent; Past tax sale / redemption period,Douglas County Tax Commissioner (delinquent tax list),https://douglastax.org/delinquent-tax-list
Willard E Lee,Green,,,,,0 PINE ST OFF,,GA,,Tax Delinquent / Tax Sale,Tax Sale / FiFa (DOUGLAS),2026-09-01,TAX-2025-0017015A033,453.17,65,Tax delinquent; Past tax sale / redemption period,Douglas County Tax Commissioner (delinquent tax list),https://douglastax.org/delinquent-tax-list
"Willard E Lee, M",Greene,,,,,0 PINE ST,,GA,,Tax Delinquent / Tax Sale,Tax Sale / FiFa (DOUGLAS),2026-09-01,TAX-2025-0017015A036,453.17,65,Tax delinquent; Past tax sale / redemption period,Douglas County Tax Commissioner (delinquent tax list),https://douglastax.org/delinquent-tax-list
Davis Kimberly,S,,,,,6743 JAMES D. SIMPSON AVE,,GA,,Tax Delinquent / Tax Sale,Tax Sale / FiFa (DOUGLAS),2026-09-01,TAX-2025-0017015B012,453.17,65,Tax delinquent; Past tax sale / redemption period,Douglas County Tax Commissioner (delinquent tax list),https://douglastax.org/delinquent-tax-list
Hattie Mae,Smith,,,,,0 THOMPSON ST,,GA,,Tax Delinquent / Tax Sale,Tax Sale / FiFa (DOUGLAS),2026-09-01,TAX-2025-0017015B067,133.16,65,Tax delinquent; Past tax sale / redemption period,Douglas County Tax Commissioner (delinquent tax list),https://douglastax.org/delinquent-tax-list
"PEYTON, LUCILLE, ESTATE",,,,,,8120 THOMPSON ST,,GA,,Tax Delinquent / Tax Sale,Tax Sale / FiFa (DOUGLAS),2026-09-01,TAX-2025-0017015B068,1008.08,65,Tax delinquent; Past tax sale / redemption period,Douglas County Tax Commissioner (delinquent tax list),https://douglastax.org/delinquent-tax-list
Chandler Winston,Travis,,,,,8244 HWY 92 - DALLAS HWY,,GA,,Tax Delinquent / Tax Sale,Tax Sale / FiFa (DOUGLAS),2026-09-01,TAX-2025-0017015D023,1628.66,65,Tax delinquent; Past tax sale / redemption period,Douglas County Tax Commissioner (delinquent tax list),https://douglastax.org/delinquent-tax-list
G W,Smith,,,,,8051 CARTEN ST,,GA,,Tax Delinquent / Tax Sale,Tax Sale / FiFa (DOUGLAS),2026-09-01,TAX-2025-0018015A023,1288.98,65,Tax delinquent; Past tax sale / redemption period,Douglas County Tax Commissioner (delinquent tax list),https://douglastax.org/delinquent-tax-list
Carolyn,Stewart,,,,,8037 CARTEN ST,,GA,,Tax Delinquent / Tax Sale,Tax Sale / FiFa (DOUGLAS),2026-09-01,TAX-2025-0018015A024,1161.40,65,Tax delinquent; Past tax sale / redemption period,Douglas County Tax Commissioner (delinquent tax list),https://douglastax.org/delinquent-tax-list
Valerie Minor,Smith,,,,,0 UPSHAW MILL RD,,GA,,Tax Delinquent / Tax Sale,Tax Sale / FiFa (DOUGLAS),2026-09-01,TAX-2023-0018015A051,1058.43,65,Tax delinquent; Past tax sale / redemption period,Douglas County Tax Commissioner (delinquent tax list),https://douglastax.org/delinquent-tax-list
Tamara Cantrell,Greenwood,,,,,0 HWY 92 - DALLAS HWY,,GA,,Tax Delinquent / Tax Sale,Tax Sale / FiFa (DOUGLAS),2026-09-01,TAX-2025-0018015B003,519.95,65,Tax delinquent; Past tax sale / redemption period,Douglas County Tax Commissioner (delinquent tax list),https://douglastax.org/delinquent-tax-list
"Wylie I, Jr",Ritter,,,,,0 CAMP ST OFF,,GA,,Tax Delinquent / Tax Sale,Tax Sale / FiFa (DOUGLAS),2026-09-01,TAX-2024-00200150077,525.29,65,Tax delinquent; Past tax sale / redemption period,Douglas County Tax Commissioner (delinquent tax list),https://douglastax.org/delinquent-tax-list
"HULSEY, MYRTLE, ESTATE",,,,,,6289 COOPER ST,,GA,,Tax Delinquent / Tax Sale,Tax Sale / FiFa (DOUGLAS),2026-09-01,TAX-2025-00200150231,382.44,65,Tax delinquent; Past tax sale / redemption period,Douglas County Tax Commissioner (delinquent tax list),https://douglastax.org/delinquent-tax-list
Joseph,Durham,,,,,6259 JOHNSON ST,,GA,,Tax Delinquent / Tax Sale,Tax Sale / FiFa (DOUGLAS),2026-09-01,TAX-2024-00200150297,327.05,65,Tax delinquent; Past tax sale / redemption period,Douglas County Tax Commissioner (delinquent tax list),https://douglastax.org/delinquent-tax-list
Susan Bracey And,Morgan,,,,,6353 CORNELIA DR,,GA,,Tax Delinquent / Tax Sale,Tax Sale / FiFa (DOUGLAS),2026-09-01,TAX-2025-0022015B028,1382.58,65,Tax delinquent; Past tax sale / redemption period,Douglas County Tax Commissioner (delinquent tax list),https://douglastax.org/delinquent-tax-list
Alfonso,Garcia,,,,,6300 DORSETT BRIDGE RD,,GA,,Tax Delinquent / Tax Sale,Tax Sale / FiFa (DOUGLAS),2026-09-01,TAX-2025-00220350003,2594.37,65,Tax delinquent; Past tax sale / redemption period,Douglas County Tax Commissioner (delinquent tax list),https://douglastax.org/delinquent-tax-list
Jesus Sergio And,Carmona,,,,,5027 HERITAGE VALLEY DR,,GA,,Tax Delinquent / Tax Sale,Tax Sale / FiFa (DOUGLAS),2026-09-01,TAX-2025-00240150083,2444.74,65,Tax delinquent; Past tax sale / redemption period,Douglas County Tax Commissioner (delinquent tax list),https://douglastax.org/delinquent-tax-list
Van L,Kio,,,,,6828 CREEKWOOD DR,,GA,,Tax Delinquent / Tax Sale,Tax Sale / FiFa (DOUGLAS),2026-09-01,TAX-2025-00240150128,5119.73,65,Tax delinquent; Past tax sale / redemption period,Douglas County Tax Commissioner (delinquent tax list),https://douglastax.org/delinquent-tax-list
Toneisa Finetta,Hughes,,,,,4111 KINGSBERE WAY,,GA,,Tax Delinquent / Tax Sale,Tax Sale / FiFa (DOUGLAS),2026-09-01,TAX-2025-00240150307,905.88,65,Tax delinquent; Past tax sale / redemption period,Douglas County Tax Commissioner (delinquent tax list),https://douglastax.org/delinquent-tax-list
Helen L,Slaughter,,,,,5104 ARISTA DR,,GA,,Tax Delinquent / Tax Sale,Tax Sale / FiFa (DOUGLAS),2026-09-01,TAX-2025-00240150323,100.79,65,Tax delinquent; Past tax sale / redemption period,Douglas County Tax Commissioner (delinquent tax list),https://douglastax.org/delinquent-tax-list
Charlotte Owusu,Ansere,,,,,6621 WYNDALE DR,,GA,,Tax Delinquent / Tax Sale,Tax Sale / FiFa (DOUGLAS),2026-09-01,TAX-2025-00240150356,627.10,65,Tax delinquent; Past tax sale / redemption period,Douglas County Tax Commissioner (delinquent tax list),https://douglastax.org/delinquent-tax-list
Tiffany Nichole,Jones,,,,,6615 WYNDALE DR,,GA,,Tax Delinquent / Tax Sale,Tax Sale / FiFa (DOUGLAS),2026-09-01,TAX-2025-00240150359,539.37,65,Tax delinquent; Past tax sale / redemption period,Douglas County Tax Commissioner (delinquent tax list),https://douglastax.org/delinquent-tax-list
Eddie Lee,Green,,,,,1113 LOCKHART WAY,,GA,,Tax Delinquent / Tax Sale,Tax Sale / FiFa (DOUGLAS),2026-09-01,TAX-2025-00240150370,0.54,65,Tax delinquent; Past tax sale / redemption period,Douglas County Tax Commissioner (delinquent tax list),https://douglastax.org/delinquent-tax-list
Devansh Maheshkumar,Rana,,,,,1107 LOCKHART WAY,,GA,,Tax Delinquent / Tax Sale,Tax Sale / FiFa (DOUGLAS),2026-09-01,TAX-2025-00240150373,443.32,65,Tax delinquent; Past tax sale / redemption period,Douglas County Tax Commissioner (delinquent tax list),https://douglastax.org/delinquent-tax-list
Holland Jacob,Stewart,,,,,1103 LOCKHART WAY,,GA,,Tax Delinquent / Tax Sale,Tax Sale / FiFa (DOUGLAS),2026-09-01,TAX-2025-00240150375,447.25,65,Tax delinquent; Past tax sale / redemption period,Douglas County Tax Commissioner (delinquent tax list),https://douglastax.org/delinquent-tax-list
Taniah Renee,Langford,,,,,1101 LOCKHART WAY,,GA,,Tax Delinquent / Tax Sale,Tax Sale / FiFa (DOUGLAS),2026-09-01,TAX-2025-00240150376,373.15,65,Tax delinquent; Past tax sale / redemption period,Douglas County Tax Commissioner (delinquent tax list),https://douglastax.org/delinquent-tax-list
Zachary Isaiah,Manley,,,,,4141 KINGSBERE WAY,,GA,,Tax Delinquent / Tax Sale,Tax Sale / FiFa (DOUGLAS),2026-09-01,TAX-2025-00240150390,851.64,65,Tax delinquent; Past tax sale / redemption period,Douglas County Tax Commissioner (delinquent tax list),https://douglastax.org/delinquent-tax-list
Alexandria J,Code,,,,,2110 STILLHAVEN PL,,GA,,Tax Delinquent / Tax Sale,Tax Sale / FiFa (DOUGLAS),2026-09-01,TAX-2025-00240150406,413.08,65,Tax delinquent; Past tax sale / redemption period,Douglas County Tax Commissioner (delinquent tax list),https://douglastax.org/delinquent-tax-list
Marsha Lee,Edwards,,,,,2112 STILLHAVEN PL,,GA,,Tax Delinquent / Tax Sale,Tax Sale / FiFa (DOUGLAS),2026-09-01,TAX-2025-00240150407,378.08,65,Tax delinquent; Past tax sale / redemption period,Douglas County Tax Commissioner (delinquent tax list),https://douglastax.org/delinquent-tax-list
Christen Taylor,Copeland,,,,,2116 STILLHAVEN PL,,GA,,Tax Delinquent / Tax Sale,Tax Sale / FiFa (DOUGLAS),2026-09-01,TAX-2025-00240150409,100.79,65,Tax delinquent; Past tax sale / redemption period,Douglas County Tax Commissioner (delinquent tax list),https://douglastax.org/delinquent-tax-list
Nikkia Imani,Jackson,,,,,2120 STILLHAVEN PL,,GA,,Tax Delinquent / Tax Sale,Tax Sale / FiFa (DOUGLAS),2026-09-01,TAX-2025-00240150411,566.13,65,Tax delinquent; Past tax sale / redemption period,Douglas County Tax Commissioner (delinquent tax list),https://douglastax.org/delinquent-tax-list
Tiffany Evon,Johnson,,,,,2122 STILLHAVEN PL,,GA,,Tax Delinquent / Tax Sale,Tax Sale / FiFa (DOUGLAS),2026-09-01,TAX-2025-00240150412,546.82,65,Tax delinquent; Past tax sale / redemption period,Douglas County Tax Commissioner (delinquent tax list),https://douglastax.org/delinquent-tax-list
Elliot Lamar,Parker,,,,,2124 STILLHAVEN PL,,GA,,Tax Delinquent / Tax Sale,Tax Sale / FiFa (DOUGLAS),2026-09-01,TAX-2025-00240150413,563.05,65,Tax delinquent; Past tax sale / redemption period,Douglas County Tax Commissioner (delinquent tax list),https://douglastax.org/delinquent-tax-list
Janiah Eileen,Jones,,,,,2119 STILLHAVEN PL,,GA,,Tax Delinquent / Tax Sale,Tax Sale / FiFa (DOUGLAS),2026-09-01,TAX-2025-00240150416,100.79,65,Tax delinquent; Past tax sale / redemption period,Douglas County Tax Commissioner (delinquent tax list),https://douglastax.org/delinquent-tax-list
Ralph Lee,Cooper,,,,,2115 STILLHAVEN PL,,GA,,Tax Delinquent / Tax Sale,Tax Sale / FiFa (DOUGLAS),2026-09-01,TAX-2025-00240150418,0.54,65,Tax delinquent; Past tax sale / redemption period,Douglas County Tax Commissioner (delinquent tax list),https://douglastax.org/delinquent-tax-list
Stephanie Marie,Rivera,,,,,2111 STILLHAVEN PL,,GA,,Tax Delinquent / Tax Sale,Tax Sale / FiFa (DOUGLAS),2026-09-01,TAX-2025-00240150420,100.79,65,Tax delinquent; Past tax sale / redemption period,Douglas County Tax Commissioner (delinquent tax list),https://douglastax.org/delinquent-tax-list
Shanerica Ikira,Rountree,,,,,2109 STILLHAVEN PL,,GA,,Tax Delinquent / Tax Sale,Tax Sale / FiFa (DOUGLAS),2026-09-01,TAX-2025-00240150421,100.79,65,Tax delinquent; Past tax sale / redemption period,Douglas County Tax Commissioner (delinquent tax list),https://douglastax.org/delinquent-tax-list
Brittany A,Pope,,,,,2107 STILLHAVEN PL,,GA,,Tax Delinquent / Tax Sale,Tax Sale / FiFa (DOUGLAS),2026-09-01,TAX-2025-00240150422,100.79,65,Tax delinquent; Past tax sale / redemption period,Douglas County Tax Commissioner (delinquent tax list),https://douglastax.org/delinquent-tax-list
Doris C,Phillip,,,,,2103 STILLHAVEN PL,,GA,,Tax Delinquent / Tax Sale,Tax Sale / FiFa (DOUGLAS),2026-09-01,TAX-2025-00240150424,100.79,65,Tax delinquent; Past tax sale / redemption period,Douglas County Tax Commissioner (delinquent tax list),https://douglastax.org/delinquent-tax-list
Timothy,Morgan,,,,,5265 SANDBAR CV,,GA,,Tax Delinquent / Tax Sale,Tax Sale / FiFa (DOUGLAS),2026-09-01,TAX-2025-00240250070,1972.65,65,Tax delinquent; Past tax sale / redemption period,Douglas County Tax Commissioner (delinquent tax list),https://douglastax.org/delinquent-tax-list
Wendell,Stemley,,,,,5190 CALGARY DR,,GA,,Tax Delinquent / Tax Sale,Tax Sale / FiFa (DOUGLAS),2026-09-01,TAX-2025-00250150154,939.63,65,Tax delinquent; Past tax sale / redemption period,Douglas County Tax Commissioner (delinquent tax list),https://douglastax.org/delinquent-tax-list
"SUMMERLYN HOMES, LLC",,,,,,5049 CALGARY DR,,GA,,Tax Delinquent / Tax Sale,Tax Sale / FiFa (DOUGLAS),2026-09-01,TAX-2023-00250150195,646.22,65,Tax delinquent; Past tax sale / redemption period; LLC / corp owner,Douglas County Tax Commissioner (delinquent tax list),https://douglastax.org/delinquent-tax-list
Amy M,Hunter,,,,,0 REYNOLDS RD OFF,,GA,,Tax Delinquent / Tax Sale,Tax Sale / FiFa (DOUGLAS),2026-09-01,TAX-2025-00260150058,313.90,65,Tax delinquent; Past tax sale / redemption period,Douglas County Tax Commissioner (delinquent tax list),https://douglastax.org/delinquent-tax-list
Sims,Tiras,,,,,3545 LONG LAKE DR,,GA,,Tax Delinquent / Tax Sale,Tax Sale / FiFa (DOUGLAS),2026-09-01,TAX-2025-00260150143,1038.33,65,Tax delinquent; Past tax sale / redemption period,Douglas County Tax Commissioner (delinquent tax list),https://douglastax.org/delinquent-tax-list
Roby Alan,Morris,,,,,4988 CENTRAL CHURCH RD,,GA,,Tax Delinquent / Tax Sale,Tax Sale / FiFa (DOUGLAS),2026-09-01,TAX-2025-00270150015,2318.63,65,Tax delinquent; Past tax sale / redemption period,Douglas County Tax Commissioner (delinquent tax list),https://douglastax.org/delinquent-tax-list
Michael,Watkins,,,,,5023 BETH ST,,GA,,Tax Delinquent / Tax Sale,Tax Sale / FiFa (DOUGLAS),2026-09-01,TAX-2025-00270150098,2800.46,65,Tax delinquent; Past tax sale / redemption period,Douglas County Tax Commissioner (delinquent tax list),https://douglastax.org/delinquent-tax-list
Curtis A,Reinke,,,,,4918 SPRINGBROOK DR,,GA,,Tax Delinquent / Tax Sale,Tax Sale / FiFa (DOUGLAS),2026-09-01,TAX-2025-00270150193,2243.37,65,Tax delinquent; Past tax sale / redemption period,Douglas County Tax Commissioner (delinquent tax list),https://douglastax.org/delinquent-tax-list
Matthew,Mcgee,,,,,5237 HWY 5,,GA,,Tax Delinquent / Tax Sale,Tax Sale / FiFa (DOUGLAS),2026-09-01,TAX-2025-00270250021,2701.51,65,Tax delinquent; Past tax sale / redemption period,Douglas County Tax Commissioner (delinquent tax list),https://douglastax.org/delinquent-tax-list
Apryl Eleyse,Bundrick,,,,,5265 WILDWOOD LN,,GA,,Tax Delinquent / Tax Sale,Tax Sale / FiFa (DOUGLAS),2026-09-01,TAX-2025-00270250066,2302.24,65,Tax delinquent; Past tax sale / redemption period,Douglas County Tax Commissioner (delinquent tax list),https://douglastax.org/delinquent-tax-list
Richerd,Whitlow,,,,,5319 HWY 5,,GA,,Tax Delinquent / Tax Sale,Tax Sale / FiFa (DOUGLAS),2026-09-01,TAX-2024-00270250078,400.93,65,Tax delinquent; Past tax sale / redemption period,Douglas County Tax Commissioner (delinquent tax list),https://douglastax.org/delinquent-tax-list
Amanda,Pullen,,,,,6930 SUMPTER CT,,GA,,Tax Delinquent / Tax Sale,Tax Sale / FiFa (DOUGLAS),2026-09-01,TAX-2024-00280250061,381.76,65,Tax delinquent; Past tax sale / redemption period,Douglas County Tax Commissioner (delinquent tax list),https://douglastax.org/delinquent-tax-list
Esmeralda,Araya,,,,,5251 CAITLIN LN,,GA,,Tax Delinquent / Tax Sale,Tax Sale / FiFa (DOUGLAS),2026-09-01,TAX-2025-00300250112,3798.86,65,Tax delinquent; Past tax sale / redemption period,Douglas County Tax Commissioner (delinquent tax list),https://douglastax.org/delinquent-tax-list
"AHV, LLC",,,,,,4923 GRIZZLY CT,,GA,,Tax Delinquent / Tax Sale,Tax Sale / FiFa (DOUGLAS),2026-09-01,TAX-2025-00320150092,2127.00,65,Tax delinquent; Past tax sale / redemption period; LLC / corp owner,Douglas County Tax Commissioner (delinquent tax list),https://douglastax.org/delinquent-tax-list
"MAYFIELD, PATRICIA, ESTATE",,,,,,5023 GRAY RD,,GA,,Tax Delinquent / Tax Sale,Tax Sale / FiFa (DOUGLAS),2026-09-01,TAX-2025-00360250025,3900.23,65,Tax delinquent; Past tax sale / redemption period,Douglas County Tax Commissioner (delinquent tax list),https://douglastax.org/delinquent-tax-list
JENKINS SHONDRA AMELIA AS TRUSTEE OF THE,,,,,,7275 COLONY LN,,GA,,Tax Delinquent / Tax Sale,Tax Sale / FiFa (DOUGLAS),2026-09-01,TAX-2025-00380250117,329.61,65,Tax delinquent; Past tax sale / redemption period,Douglas County Tax Commissioner (delinquent tax list),https://douglastax.org/delinquent-tax-list
William,Miranda,,,,,4888 RABUN DR,,GA,,Tax Delinquent / Tax Sale,Tax Sale / FiFa (DOUGLAS),2026-09-01,TAX-2025-00390150103,1371.11,65,Tax delinquent; Past tax sale / redemption period,Douglas County Tax Commissioner (delinquent tax list),https://douglastax.org/delinquent-tax-list
"Andrew, Jr",Perkins,,,,,5030 STARLA LN,,GA,,Tax Delinquent / Tax Sale,Tax Sale / FiFa (DOUGLAS),2026-09-01,TAX-2025-00390250048,3412.79,65,Tax delinquent; Past tax sale / redemption period,Douglas County Tax Commissioner (delinquent tax list),https://douglastax.org/delinquent-tax-list
Quincy,Houston,,,,,4815 SMOKESTONE DR,,GA,,Tax Delinquent / Tax Sale,Tax Sale / FiFa (DOUGLAS),2026-09-01,TAX-2025-00420150076,999.13,65,Tax delinquent; Past tax sale / redemption period,Douglas County Tax Commissioner (delinquent tax list),https://douglastax.org/delinquent-tax-list
Charles,Mcdonald,,,,,0 ROSESTONE CT OFF,,GA,,Tax Delinquent / Tax Sale,Tax Sale / FiFa (DOUGLAS),2026-09-01,TAX-2023-00430150190,130.46,65,Tax delinquent; Past tax sale / redemption period,Douglas County Tax Commissioner (delinquent tax list),https://douglastax.org/delinquent-tax-list
David Lamar,Steltenpohl,,,,,8565 JENKINS RD,,GA,,Tax Delinquent / Tax Sale,Tax Sale / FiFa (DOUGLAS),2026-09-01,TAX-2025-00430250003,966.13,65,Tax delinquent; Past tax sale / redemption period,Douglas County Tax Commissioner (delinquent tax list),https://douglastax.org/delinquent-tax-list
T Michael,Johnson,,,,,3525 RED MAPLE CT,,GA,,Tax Delinquent / Tax Sale,Tax Sale / FiFa (DOUGLAS),2026-09-01,TAX-2025-00450150055,210.31,65,Tax delinquent; Past tax sale / redemption period,Douglas County Tax Commissioner (delinquent tax list),https://douglastax.org/delinquent-tax-list
Ruby C,Brown,,,,,9808 FOREST HILL DR,,GA,,Tax Delinquent / Tax Sale,Tax Sale / FiFa (DOUGLAS),2026-09-01,TAX-2025-00460150132,3530.21,65,Tax delinquent; Past tax sale / redemption period,Douglas County Tax Commissioner (delinquent tax list),https://douglastax.org/delinquent-tax-list
Dexter,Smith,,,,,4685 FOREST TRL,,GA,,Tax Delinquent / Tax Sale,Tax Sale / FiFa (DOUGLAS),2026-09-01,TAX-2024-00470150034,3660.72,65,Tax delinquent; Past tax sale / redemption period,Douglas County Tax Commissioner (delinquent tax list),https://douglastax.org/delinquent-tax-list
Marjorie,Thomas,,,,,6105 COBBLESTONE CT,,GA,,Tax Delinquent / Tax Sale,Tax Sale / FiFa (DOUGLAS),2026-09-01,TAX-2025-0049015A014,242.44,65,Tax delinquent; Past tax sale / redemption period,Douglas County Tax Commissioner (delinquent tax list),https://douglastax.org/delinquent-tax-list
Paula Alfreda,Scott,,,,,9000 STONELEIGH TRCE,,GA,,Tax Delinquent / Tax Sale,Tax Sale / FiFa (DOUGLAS),2026-09-01,TAX-2025-0049015A068,2528.26,65,Tax delinquent; Past tax sale / redemption period,Douglas County Tax Commissioner (delinquent tax list),https://douglastax.org/delinquent-tax-list
"WILSON STREET PROPERTIES, LLC",,,,,,8471 NEWMAN ST,,GA,,Tax Delinquent / Tax Sale,Tax Sale / FiFa (DOUGLAS),2026-09-01,TAX-2025-00500150015,1666.51,65,Tax delinquent; Past tax sale / redemption period; LLC / corp owner,Douglas County Tax Commissioner (delinquent tax list),https://douglastax.org/delinquent-tax-list
Tahmina,Patwary,,,,,8470 HOSPITAL DR,,GA,,Tax Delinquent / Tax Sale,Tax Sale / FiFa (DOUGLAS),2026-09-01,TAX-2025-00500150046,1371.48,65,Tax delinquent; Past tax sale / redemption period,Douglas County Tax Commissioner (delinquent tax list),https://douglastax.org/delinquent-tax-list
"CORNETT CONSULTING, INC",,,,,,8553 WESTCHESTER DR,,GA,,Tax Delinquent / Tax Sale,Tax Sale / FiFa (DOUGLAS),2026-09-01,TAX-2025-0050015A027,231.33,65,Tax delinquent; Past tax sale / redemption period; LLC / corp owner,Douglas County Tax Commissioner (delinquent tax list),https://douglastax.org/delinquent-tax-list
Casey,Robinson,,,,,8520 WESTCHESTER DR,,GA,,Tax Delinquent / Tax Sale,Tax Sale / FiFa (DOUGLAS),2026-09-01,TAX-2025-0050015A054,365.06,65,Tax delinquent; Past tax sale / redemption period,Douglas County Tax Commissioner (delinquent tax list),https://douglastax.org/delinquent-tax-list
"Patricia Yvonne K, Estate-",Miller,,,,,6179 JOHNSON ST,,GA,,Tax Delinquent / Tax Sale,Tax Sale / FiFa (DOUGLAS),2026-09-01,TAX-2024-0051015B021,2071.79,65,Tax delinquent; Past tax sale / redemption period,Douglas County Tax Commissioner (delinquent tax list),https://douglastax.org/delinquent-tax-list
"MMS SERVICES, LLC",,,,,,0 HWY 92,,GA,,Tax Delinquent / Tax Sale,Tax Sale / FiFa (DOUGLAS),2026-09-01,TAX-2024-0051015C007,138.58,65,Tax delinquent; Past tax sale / redemption period; LLC / corp owner,Douglas County Tax Commissioner (delinquent tax list),https://douglastax.org/delinquent-tax-list
"NAJJAR DOUGLASVILLE INVESTMENTS, LLC",,,,,,0 HOSPITAL DR,,GA,,Tax Delinquent / Tax Sale,Tax Sale / FiFa (DOUGLAS),2026-09-01,TAX-2024-0051015C011,522.98,65,Tax delinquent; Past tax sale / redemption period; LLC / corp owner,Douglas County Tax Commissioner (delinquent tax list),https://douglastax.org/delinquent-tax-list
Paul E,Pendley,,,,,8286 DURELEE LN,,GA,,Tax Delinquent / Tax Sale,Tax Sale / FiFa (DOUGLAS),2026-09-01,TAX-2025-00520150005,3721.94,65,Tax delinquent; Past tax sale / redemption period,Douglas County Tax Commissioner (delinquent tax list),https://douglastax.org/delinquent-tax-list
Charisse Zekeya,Balde,,,,,2291 TREATY LN,,GA,,Tax Delinquent / Tax Sale,Tax Sale / FiFa (DOUGLAS),2026-09-01,TAX-2025-00540150298,7046.07,65,Tax delinquent; Past tax sale / redemption period,Douglas County Tax Commissioner (delinquent tax list),https://douglastax.org/delinquent-tax-list
STANWAY LAND TRUST,,,,,,2927 STANWAY AVE,,GA,,Tax Delinquent / Tax Sale,Tax Sale / FiFa (DOUGLAS),2026-09-01,TAX-2025-00550150325,4553.64,65,Tax delinquent; Past tax sale / redemption period,Douglas County Tax Commissioner (delinquent tax list),https://douglastax.org/delinquent-tax-list
"ZEST PREPARATORY ACADEMY, INC",,,,,,0 CHAPEL HILL RD,,GA,,Tax Delinquent / Tax Sale,Tax Sale / FiFa (DOUGLAS),2026-09-01,TAX-2025-00560150175,7803.25,65,Tax delinquent; Past tax sale / redemption period; LLC / corp owner,Douglas County Tax Commissioner (delinquent tax list),https://douglastax.org/delinquent-tax-list
IDEAL SMART ENERGY CORPORATION,,,,,,5837 SARAZEN TRL,,GA,,Tax Delinquent / Tax Sale,Tax Sale / FiFa (DOUGLAS),2026-09-01,TAX-2024-00570150047,150.08,65,Tax delinquent; Past tax sale / redemption period; LLC / corp owner,Douglas County Tax Commissioner (delinquent tax list),https://douglastax.org/delinquent-tax-list
"CIRCLE HOOK SOUTH, LLC",,,,,,3152 GOLF RIDGE BLVD,,GA,,Tax Delinquent / Tax Sale,Tax Sale / FiFa (DOUGLAS),2026-09-01,TAX-2025-00570150059,2570.50,65,Tax delinquent; Past tax sale / redemption period; LLC / corp owner,Douglas County Tax Commissioner (delinquent tax list),https://douglastax.org/delinquent-tax-list
Denise,Broudy,,,,,4489 CABINWOOD TURN,,GA,,Tax Delinquent / Tax Sale,Tax Sale / FiFa (DOUGLAS),2026-09-01,TAX-2025-00580150085,6939.06,65,Tax delinquent; Past tax sale / redemption period,Douglas County Tax Commissioner (delinquent tax list),https://douglastax.org/delinquent-tax-list
Steven H,Sleek,,,,,0 POOL RD,,GA,,Tax Delinquent / Tax Sale,Tax Sale / FiFa (DOUGLAS),2026-09-01,TAX-2024-00580250002,158.72,65,Tax delinquent; Past tax sale / redemption period,Douglas County Tax Commissioner (delinquent tax list),https://douglastax.org/delinquent-tax-list
James E,Mozee,,,,,4843 GRANNY LN,,GA,,Tax Delinquent / Tax Sale,Tax Sale / FiFa (DOUGLAS),2026-09-01,TAX-2024-00590250019,483.20,65,Tax delinquent; Past tax sale / redemption period,Douglas County Tax Commissioner (delinquent tax list),https://douglastax.org/delinquent-tax-list
Jeffrey E,Goins,,,,,4621 E GLEN RIDGE CIR,,GA,,Tax Delinquent / Tax Sale,Tax Sale / FiFa (DOUGLAS),2026-09-01,TAX-2024-00590250034,1631.55,65,Tax delinquent; Past tax sale / redemption period,Douglas County Tax Commissioner (delinquent tax list),https://douglastax.org/delinquent-tax-list
Hornsby Sara,A,,,,,4703 GLEN RIDGE CIR,,GA,,Tax Delinquent / Tax Sale,Tax Sale / FiFa (DOUGLAS),2026-09-01,TAX-2025-00590250104,1146.92,65,Tax delinquent; Past tax sale / redemption period,Douglas County Tax Commissioner (delinquent tax list),https://douglastax.org/delinquent-tax-list
Alana,Joseph,,,,,6893 SPRING VALLEY CT,,GA,,Tax Delinquent / Tax Sale,Tax Sale / FiFa (DOUGLAS),2026-09-01,TAX-2025-00600250178,834.39,65,Tax delinquent; Past tax sale / redemption period,Douglas County Tax Commissioner (delinquent tax list),https://douglastax.org/delinquent-tax-list
Walter H,Jones,,,,,4763 WAVERLY WALK,,GA,,Tax Delinquent / Tax Sale,Tax Sale / FiFa (DOUGLAS),2026-09-01,TAX-2025-00620150034,701.19,65,Tax delinquent; Past tax sale / redemption period,Douglas County Tax Commissioner (delinquent tax list),https://douglastax.org/delinquent-tax-list
Olanrewaju,Ologunmeta,,,,,6395 QUEENSDALE DR,,GA,,Tax Delinquent / Tax Sale,Tax Sale / FiFa (DOUGLAS),2026-09-01,TAX-2025-00620250128,483.18,65,Tax delinquent; Past tax sale / redemption period,Douglas County Tax Commissioner (delinquent tax list),https://douglastax.org/delinquent-tax-list
Countess,Hylton,,,,,6335 QUEENSDALE DR,,GA,,Tax Delinquent / Tax Sale,Tax Sale / FiFa (DOUGLAS),2026-09-01,TAX-2025-00620250134,1055.27,65,Tax delinquent; Past tax sale / redemption period,Douglas County Tax Commissioner (delinquent tax list),https://douglastax.org/delinquent-tax-list
Tina J,Nelson,,,,,6073 DORSETT SHOALS RD,,GA,,Tax Delinquent / Tax Sale,Tax Sale / FiFa (DOUGLAS),2026-09-01,TAX-2025-00630250016,2929.53,65,Tax delinquent; Past tax sale / redemption period,Douglas County Tax Commissioner (delinquent tax list),https://douglastax.org/delinquent-tax-list
"COLLECTIVE GROUP INVESTMENTS, LLC",,,,,,6075 SUMTER DR,,GA,,Tax Delinquent / Tax Sale,Tax Sale / FiFa (DOUGLAS),2026-09-01,TAX-2025-00630250020,2185.81,65,Tax delinquent; Past tax sale / redemption period; LLC / corp owner,Douglas County Tax Commissioner (delinquent tax list),https://douglastax.org/delinquent-tax-list
Mary J,Dean,,,,,5756 SHOAL CREEK DR,,GA,,Tax Delinquent / Tax Sale,Tax Sale / FiFa (DOUGLAS),2026-09-01,TAX-2025-00640250106,1567.29,65,Tax delinquent; Past tax sale / redemption period,Douglas County Tax Commissioner (delinquent tax list),https://douglastax.org/delinquent-tax-list
"C H S ASSOCIATES, INC",,,,,,6006 S BEAR DR,,GA,,Tax Delinquent / Tax Sale,Tax Sale / FiFa (DOUGLAS),2026-09-01,TAX-2024-00660250071,55.91,65,Tax delinquent; Past tax sale / redemption period; LLC / corp owner,Douglas County Tax Commissioner (delinquent tax list),https://douglastax.org/delinquent-tax-list
"BETHKE, FLOYD E, ESTATE",,,,,,5945 S BEAR DR,,GA,,Tax Delinquent / Tax Sale,Tax Sale / FiFa (DOUGLAS),2026-09-01,TAX-2025-00660250107,243.55,65,Tax delinquent; Past tax sale / redemption period,Douglas County Tax Commissioner (delinquent tax list),https://douglastax.org/delinquent-tax-list
Jerry,Orange,,,,,6184 MARILLA ST,,GA,,Tax Delinquent / Tax Sale,Tax Sale / FiFa (DOUGLAS),2026-09-01,TAX-2025-00670250096,1030.91,65,Tax delinquent; Past tax sale / redemption period,Douglas County Tax Commissioner (delinquent tax list),https://douglastax.org/delinquent-tax-list
Elaine C,Rabiee,,,,,6290 S SKYLINE DR,,GA,,Tax Delinquent / Tax Sale,Tax Sale / FiFa (DOUGLAS),2026-09-01,TAX-2024-00670250132,461.91,65,Tax delinquent; Past tax sale / redemption period,Douglas County Tax Commissioner (delinquent tax list),https://douglastax.org/delinquent-tax-list
Ronald T,Watts,,,,,0 EVA CT OFF,,GA,,Tax Delinquent / Tax Sale,Tax Sale / FiFa (DOUGLAS),2026-09-01,TAX-2025-00670250188,412.94,65,Tax delinquent; Past tax sale / redemption period,Douglas County Tax Commissioner (delinquent tax list),https://douglastax.org/delinquent-tax-list
Ashley Tiona,Smith,,,,,0 QUEENS RD OFF,,GA,,Tax Delinquent / Tax Sale,Tax Sale / FiFa (DOUGLAS),2026-09-01,TAX-2025-00670250194,203.14,65,Tax delinquent; Past tax sale / redemption period,Douglas County Tax Commissioner (delinquent tax list),https://douglastax.org/delinquent-tax-list
"GHI CAPITAL, LLC",,,,,,6917 LAUREL WOOD DR,,GA,,Tax Delinquent / Tax Sale,Tax Sale / FiFa (DOUGLAS),2026-09-01,TAX-2025-00690250102,492.80,65,Tax delinquent; Past tax sale / redemption period; LLC / corp owner,Douglas County Tax Commissioner (delinquent tax list),https://douglastax.org/delinquent-tax-list
Randy A,Harris,,,,,6814 ALEXANDER PKWY,,GA,,Tax Delinquent / Tax Sale,Tax Sale / FiFa (DOUGLAS),2026-09-01,TAX-2025-00690250123,3366.66,65,Tax delinquent; Past tax sale / redemption period,Douglas County Tax Commissioner (delinquent tax list),https://douglastax.org/delinquent-tax-list
"DIMARCO, ROCCO C, ESTATE AND",,,,,,6820 MANOR CREEK DR,,GA,,Tax Delinquent / Tax Sale,Tax Sale / FiFa (DOUGLAS),2026-09-01,TAX-2025-00690250159,994.27,65,Tax delinquent; Past tax sale / redemption period,Douglas County Tax Commissioner (delinquent tax list),https://douglastax.org/delinquent-tax-list
"Wayne Thomas, Etal",Thompson,,,,,4220 MASON CREEK RD,,GA,,Tax Delinquent / Tax Sale,Tax Sale / FiFa (DOUGLAS),2026-09-01,TAX-2025-00700250031,609.82,65,Tax delinquent; Past tax sale / redemption period,Douglas County Tax Commissioner (delinquent tax list),https://douglastax.org/delinquent-tax-list
Kizzie,Matthews,,,,,7731 WINDSWEPT WAY,,GA,,Tax Delinquent / Tax Sale,Tax Sale / FiFa (DOUGLAS),2026-09-01,TAX-2025-00700350055,1227.92,65,Tax delinquent; Past tax sale / redemption period,Douglas County Tax Commissioner (delinquent tax list),https://douglastax.org/delinquent-tax-list
Derick J,Smith,,,,,4242 STERLING POINTE DR,,GA,,Tax Delinquent / Tax Sale,Tax Sale / FiFa (DOUGLAS),2026-09-01,TAX-2025-00710150048,667.39,65,Tax delinquent; Past tax sale / redemption period,Douglas County Tax Commissioner (delinquent tax list),https://douglastax.org/delinquent-tax-list
Frederick,Roberts,,,,,4574 SUNFLOWER DR,,GA,,Tax Delinquent / Tax Sale,Tax Sale / FiFa (DOUGLAS),2026-09-01,TAX-2025-00730150104,548.86,65,Tax delinquent; Past tax sale / redemption period,Douglas County Tax Commissioner (delinquent tax list),https://douglastax.org/delinquent-tax-list
"Linda Marlene, Essate Of",Hayes,,,,,3872 BOMAR RD,,GA,,Tax Delinquent / Tax Sale,Tax Sale / FiFa (DOUGLAS),2026-09-01,TAX-2025-00740150003,581.93,65,Tax delinquent; Past tax sale / redemption period,Douglas County Tax Commissioner (delinquent tax list),https://douglastax.org/delinquent-tax-list
Charles,Russell,,,,,4382 DANIELL MILL RD,,GA,,Tax Delinquent / Tax Sale,Tax Sale / FiFa (DOUGLAS),2026-09-01,TAX-2025-00740250002,205.93,65,Tax delinquent; Past tax sale / redemption period,Douglas County Tax Commissioner (delinquent tax list),https://douglastax.org/delinquent-tax-list
Thomas B,Burkett,,,,,0 POST RD,,GA,,Tax Delinquent / Tax Sale,Tax Sale / FiFa (DOUGLAS),2026-09-01,TAX-2025-00750250027,2643.70,65,Tax delinquent; Past tax sale / redemption period,Douglas County Tax Commissioner (delinquent tax list),https://douglastax.org/delinquent-tax-list
Mervin F,Loftman,,,,,0 SADDLEBROOK CT,,GA,,Tax Delinquent / Tax Sale,Tax Sale / FiFa (DOUGLAS),2026-09-01,TAX-2025-00780150015,1603.14,65,Tax delinquent; Past tax sale / redemption period,Douglas County Tax Commissioner (delinquent tax list),https://douglastax.org/delinquent-tax-list
Jesse,Johnson,,,,,9110 SADDLEBROOK CT,,GA,,Tax Delinquent / Tax Sale,Tax Sale / FiFa (DOUGLAS),2026-09-01,TAX-2025-00780150018,7675.91,65,Tax delinquent; Past tax sale / redemption period,Douglas County Tax Commissioner (delinquent tax list),https://douglastax.org/delinquent-tax-list
Daniel Gregory,Miller,,,,,2364 SLATER MILL RD,,GA,,Tax Delinquent / Tax Sale,Tax Sale / FiFa (DOUGLAS),2026-09-01,TAX-2025-00790150007,2432.77,65,Tax delinquent; Past tax sale / redemption period,Douglas County Tax Commissioner (delinquent tax list),https://douglastax.org/delinquent-tax-list
Hunter O'Neal,Toole,,,,,0 SLATER MILL RD,,GA,,Tax Delinquent / Tax Sale,Tax Sale / FiFa (DOUGLAS),2026-09-01,TAX-2025-00790150092,604.36,65,Tax delinquent; Past tax sale / redemption period,Douglas County Tax Commissioner (delinquent tax list),https://douglastax.org/delinquent-tax-list
John Jacob,Minter,,,,,0 SLATER MILL RD,,GA,,Tax Delinquent / Tax Sale,Tax Sale / FiFa (DOUGLAS),2026-09-01,TAX-2025-00800150049,87.07,65,Tax delinquent; Past tax sale / redemption period,Douglas County Tax Commissioner (delinquent tax list),https://douglastax.org/delinquent-tax-list
"TRATON, LLC",,,,,,4040 DENTON DR,,GA,,Tax Delinquent / Tax Sale,Tax Sale / FiFa (DOUGLAS),2026-09-01,TAX-2025-00800150150,78.54,65,Tax delinquent; Past tax sale / redemption period; LLC / corp owner,Douglas County Tax Commissioner (delinquent tax list),https://douglastax.org/delinquent-tax-list
"HR CSIM BRIDLEWOOD BORROWER, LLC",,,,,,3751 DENTON DR,,GA,,Tax Delinquent / Tax Sale,Tax Sale / FiFa (DOUGLAS),2026-09-01,TAX-2025-00800150176,258.71,65,Tax delinquent; Past tax sale / redemption period; LLC / corp owner,Douglas County Tax Commissioner (delinquent tax list),https://douglastax.org/delinquent-tax-list
"WILBUR, MARC G AND BRENDA, ESTATE",,,,,,3864 CINDY DR,,GA,,Tax Delinquent / Tax Sale,Tax Sale / FiFa (DOUGLAS),2026-09-01,TAX-2025-00830150101,877.47,65,Tax delinquent; Past tax sale / redemption period,Douglas County Tax Commissioner (delinquent tax list),https://douglastax.org/delinquent-tax-list
"SKA REALTY SERVICES, LLC",,,,,,3773 CINDY DR,,GA,,Tax Delinquent / Tax Sale,Tax Sale / FiFa (DOUGLAS),2026-09-01,TAX-2025-00830150128,4421.02,65,Tax delinquent; Past tax sale / redemption period; LLC / corp owner,Douglas County Tax Commissioner (delinquent tax list),https://douglastax.org/delinquent-tax-list
Mario,Mason,,,,,2426 ERIC LN,,GA,,Tax Delinquent / Tax Sale,Tax Sale / FiFa (DOUGLAS),2026-09-01,TAX-2025-00830150147,3812.40,65,Tax delinquent; Past tax sale / redemption period,Douglas County Tax Commissioner (delinquent tax list),https://douglastax.org/delinquent-tax-list
"RUSSUM INVESTMENTS SFR1, LLC",,,,,,3183 WARRENTON CT,,GA,,Tax Delinquent / Tax Sale,Tax Sale / FiFa (DOUGLAS),2026-09-01,TAX-2025-00830150269,519.42,65,Tax delinquent; Past tax sale / redemption period; LLC / corp owner,Douglas County Tax Commissioner (delinquent tax list),https://douglastax.org/delinquent-tax-list
Kauffman,Jason,,,,,0 SLATER MILL RD,,GA,,Tax Delinquent / Tax Sale,Tax Sale / FiFa (DOUGLAS),2026-09-01,TAX-2025-00840150203,2338.68,65,Tax delinquent; Past tax sale / redemption period,Douglas County Tax Commissioner (delinquent tax list),https://douglastax.org/delinquent-tax-list
Curtis A,Ruff,,,,,9115 KEATON CREEK DR,,GA,,Tax Delinquent / Tax Sale,Tax Sale / FiFa (DOUGLAS),2026-09-01,TAX-2024-00840250016,299.25,65,Tax delinquent; Past tax sale / redemption period,Douglas County Tax Commissioner (delinquent tax list),https://douglastax.org/delinquent-tax-list
Dennis,Holloway,,,,,9152 KETTLE OVERLOOK,,GA,,Tax Delinquent / Tax Sale,Tax Sale / FiFa (DOUGLAS),2026-09-01,TAX-2025-00840250029,2156.63,65,Tax delinquent; Past tax sale / redemption period,Douglas County Tax Commissioner (delinquent tax list),https://douglastax.org/delinquent-tax-list
Rickey Harrell,Lewallen,,,,,3045 WALLACE LAKE RD,,GA,,Tax Delinquent / Tax Sale,Tax Sale / FiFa (DOUGLAS),2026-09-01,TAX-2025-00850150021,343.00,65,Tax delinquent; Past tax sale / redemption period,Douglas County Tax Commissioner (delinquent tax list),https://douglastax.org/delinquent-tax-list
Patricia,Lewis,,,,,3780 BROOKHOLLOW DR,,GA,,Tax Delinquent / Tax Sale,Tax Sale / FiFa (DOUGLAS),2026-09-01,TAX-2025-00850150148,1166.64,65,Tax delinquent; Past tax sale / redemption period,Douglas County Tax Commissioner (delinquent tax list),https://douglastax.org/delinquent-tax-list
"BARNETT, R M, ESTATE",,,,,,0 MOCCASIN LAKE RD,,GA,,Tax Delinquent / Tax Sale,Tax Sale / FiFa (DOUGLAS),2026-09-01,TAX-2023-00860250017,1341.93,65,Tax delinquent; Past tax sale / redemption period,Douglas County Tax Commissioner (delinquent tax list),https://douglastax.org/delinquent-tax-list
Charlene Kadian,Thompson,,,,,3801 GREENBROOK DR,,GA,,Tax Delinquent / Tax Sale,Tax Sale / FiFa (DOUGLAS),2026-09-01,TAX-2024-00870150022,2110.49,65,Tax delinquent; Past tax sale / redemption period,Douglas County Tax Commissioner (delinquent tax list),https://douglastax.org/delinquent-tax-list
Sandra,Mcbean,,,,,3842 MONTICELLO ST,,GA,,Tax Delinquent / Tax Sale,Tax Sale / FiFa (DOUGLAS),2026-09-01,TAX-2025-00870150125,4200.53,65,Tax delinquent; Past tax sale / redemption period,Douglas County Tax Commissioner (delinquent tax list),https://douglastax.org/delinquent-tax-list
Torkeshia Latanya,Willingham,,,,,4045 ANNEEWAKEE RD,,GA,,Tax Delinquent / Tax Sale,Tax Sale / FiFa (DOUGLAS),2026-09-01,TAX-2025-00880150005,6926.20,65,Tax delinquent; Past tax sale / redemption period,Douglas County Tax Commissioner (delinquent tax list),https://douglastax.org/delinquent-tax-list
Irene W,Webster,,,,,4175 LEOLA RD 30135 215,,GA,,Tax Delinquent / Tax Sale,Tax Sale / FiFa (DOUGLAS),2026-09-01,TAX-2024-00890150011,325.99,65,Tax delinquent; Past tax sale / redemption period,Douglas County Tax Commissioner (delinquent tax list),https://douglastax.org/delinquent-tax-list
"LAND SALES, INC",,,,,,3851 SWOOPING CT,,GA,,Tax Delinquent / Tax Sale,Tax Sale / FiFa (DOUGLAS),2026-09-01,TAX-2025-00900150107,1079.50,65,Tax delinquent; Past tax sale / redemption period; LLC / corp owner,Douglas County Tax Commissioner (delinquent tax list),https://douglastax.org/delinquent-tax-list
"TAYCOY VENTURES, LLC",,,,,,5010 WILDEOAK TRL,,GA,,Tax Delinquent / Tax Sale,Tax Sale / FiFa (DOUGLAS),2026-09-01,TAX-2025-00920150047,1296.73,65,Tax delinquent; Past tax sale / redemption period; LLC / corp owner,Douglas County Tax Commissioner (delinquent tax list),https://douglastax.org/delinquent-tax-list
Scott,Britney,,,,,4136 GREEN FIELD DR,,GA,,Tax Delinquent / Tax Sale,Tax Sale / FiFa (DOUGLAS),2026-09-01,TAX-2025-00920250125,553.16,65,Tax delinquent; Past tax sale / redemption period,Douglas County Tax Commissioner (delinquent tax list),https://douglastax.org/delinquent-tax-list
"ANATOLE, LINDA, ESTATE",,,,,,6910 SILVER GRASS CT,,GA,,Tax Delinquent / Tax Sale,Tax Sale / FiFa (DOUGLAS),2026-09-01,TAX-2025-00920250133,3605.94,65,Tax delinquent; Past tax sale / redemption period,Douglas County Tax Commissioner (delinquent tax list),https://douglastax.org/delinquent-tax-list
James M,Freemont,,,,,0 HWY 166,,GA,,Tax Delinquent / Tax Sale,Tax Sale / FiFa (DOUGLAS),2026-09-01,TAX-2025-00930150003,514.11,65,Tax delinquent; Past tax sale / redemption period,Douglas County Tax Commissioner (delinquent tax list),https://douglastax.org/delinquent-tax-list
"SCOVELL-BROWN, LISA, ESTATE",,,,,,4966 MOCKINGBIRD LN,,GA,,Tax Delinquent / Tax Sale,Tax Sale / FiFa (DOUGLAS),2026-09-01,TAX-2025-00930250115,3254.89,65,Tax delinquent; Past tax sale / redemption period,Douglas County Tax Commissioner (delinquent tax list),https://douglastax.org/delinquent-tax-list
Glass Shilleah,Idora,,,,,4120 FEATHER DR,,GA,,Tax Delinquent / Tax Sale,Tax Sale / FiFa (DOUGLAS),2026-09-01,TAX-2025-00950250228,1612.55,65,Tax delinquent; Past tax sale / redemption period,Douglas County Tax Commissioner (delinquent tax list),https://douglastax.org/delinquent-tax-list
Maria,Gallardo,,,,,5686 CENTRAL CHURCH RD,,GA,,Tax Delinquent / Tax Sale,Tax Sale / FiFa (DOUGLAS),2026-09-01,TAX-2025-00970250196,2921.75,65,Tax delinquent; Past tax sale / redemption period,Douglas County Tax Commissioner (delinquent tax list),https://douglastax.org/delinquent-tax-list
Larry E,Gentry,,,,,5885 OAK CT,,GA,,Tax Delinquent / Tax Sale,Tax Sale / FiFa (DOUGLAS),2026-09-01,TAX-2025-00980250108,529.51,65,Tax delinquent; Past tax sale / redemption period,Douglas County Tax Commissioner (delinquent tax list),https://douglastax.org/delinquent-tax-list
RW_GENERAL AUTOMATIVE LLC,,,,,,3795 KINGS HWY,,GA,,Tax Delinquent / Tax Sale,Tax Sale / FiFa (DOUGLAS),2026-09-01,TAX-2025-00980250159,4091.09,65,Tax delinquent; Past tax sale / redemption period; LLC / corp owner,Douglas County Tax Commissioner (delinquent tax list),https://douglastax.org/delinquent-tax-list
Mcmanus,Jacquitta,,,,,4451 TUCKAHOE CT,,GA,,Tax Delinquent / Tax Sale,Tax Sale / FiFa (DOUGLAS),2026-09-01,TAX-2025-00990150203,4595.09,65,Tax delinquent; Past tax sale / redemption period,Douglas County Tax Commissioner (delinquent tax list),https://douglastax.org/delinquent-tax-list
"ELDER, PAMALA DIANNE, LIFE ESTATE",,,,,,6375 AMBER DR,,GA,,Tax Delinquent / Tax Sale,Tax Sale / FiFa (DOUGLAS),2026-09-01,TAX-2025-00990250085,1015.85,65,Tax delinquent; Past tax sale / redemption period,Douglas County Tax Commissioner (delinquent tax list),https://douglastax.org/delinquent-tax-list
Salinas Magali,Garcia,,,,,4190 CHICKASAW TRL,,GA,,Tax Delinquent / Tax Sale,Tax Sale / FiFa (DOUGLAS),2026-09-01,TAX-2025-01000150079,650.30,65,Tax delinquent; Past tax sale / redemption period,Douglas County Tax Commissioner (delinquent tax list),https://douglastax.org/delinquent-tax-list
Teague Richard,W,,,,,6604 BRIARCLIFF DR,,GA,,Tax Delinquent / Tax Sale,Tax Sale / FiFa (DOUGLAS),2026-09-01,TAX-2025-01000250125,216.27,65,Tax delinquent; Past tax sale / redemption period,Douglas County Tax Commissioner (delinquent tax list),https://douglastax.org/delinquent-tax-list
Debbie,Summerville,,,,,6599 BRIARCLIFF DR,,GA,,Tax Delinquent / Tax Sale,Tax Sale / FiFa (DOUGLAS),2026-09-01,TAX-2025-01000250212,1458.17,65,Tax delinquent; Past tax sale / redemption period,Douglas County Tax Commissioner (delinquent tax list),https://douglastax.org/delinquent-tax-list
"KED DEVELOPMENT, LLC",,,,,,3809 GEORGIA DR,,GA,,Tax Delinquent / Tax Sale,Tax Sale / FiFa (DOUGLAS),2026-09-01,TAX-2025-01020150029,328.12,65,Tax delinquent; Past tax sale / redemption period; LLC / corp owner,Douglas County Tax Commissioner (delinquent tax list),https://douglastax.org/delinquent-tax-list
Sangster Auto,Sales,,,,,3208 CARMEL DR,,GA,,Tax Delinquent / Tax Sale,Tax Sale / FiFa (DOUGLAS),2026-09-01,TAX-2023-01030150019,990.10,65,Tax delinquent; Past tax sale / redemption period,Douglas County Tax Commissioner (delinquent tax list),https://douglastax.org/delinquent-tax-list
"Teresa M, Etal",Carter,,,,,3425 SPRING RIDGE DR,,GA,,Tax Delinquent / Tax Sale,Tax Sale / FiFa (DOUGLAS),2026-09-01,TAX-2025-01050150065,989.73,65,Tax delinquent; Past tax sale / redemption period,Douglas County Tax Commissioner (delinquent tax list),https://douglastax.org/delinquent-tax-list
Gary,Dean,,,,,3862 POOL RD,,GA,,Tax Delinquent / Tax Sale,Tax Sale / FiFa (DOUGLAS),2026-09-01,TAX-2025-01070250010,1076.06,65,Tax delinquent; Past tax sale / redemption period,Douglas County Tax Commissioner (delinquent tax list),https://douglastax.org/delinquent-tax-list
Erick Avalos,Estrada,,,,,2604 BOMAR RD,,GA,,Tax Delinquent / Tax Sale,Tax Sale / FiFa (DOUGLAS),2026-09-01,TAX-2025-01080150058,496.90,65,Tax delinquent; Past tax sale / redemption period,Douglas County Tax Commissioner (delinquent tax list),https://douglastax.org/delinquent-tax-list
Jaclyn C,Drake,,,,,2742 BOMAR RD,,GA,,Tax Delinquent / Tax Sale,Tax Sale / FiFa (DOUGLAS),2026-09-01,TAX-2025-01090150016,3262.97,65,Tax delinquent; Past tax sale / redemption period,Douglas County Tax Commissioner (delinquent tax list),https://douglastax.org/delinquent-tax-list
"GRAYSON INVESTMENTS, LLC",,,,,,2739 WHISPER CT,,GA,,Tax Delinquent / Tax Sale,Tax Sale / FiFa (DOUGLAS),2026-09-01,TAX-2024-01090150021,108.18,65,Tax delinquent; Past tax sale / redemption period; LLC / corp owner,Douglas County Tax Commissioner (delinquent tax list),https://douglastax.org/delinquent-tax-list
"DIVINE TEAM GROUP, INC",,,,,,2715 WHISPER TRL,,GA,,Tax Delinquent / Tax Sale,Tax Sale / FiFa (DOUGLAS),2026-09-01,TAX-2025-01090150082,493.28,65,Tax delinquent; Past tax sale / redemption period; LLC / corp owner,Douglas County Tax Commissioner (delinquent tax list),https://douglastax.org/delinquent-tax-list
"MALOOF, JEANNINE J, ESTATE AND",,,,,,0 WHISPER TRL OFF,,GA,,Tax Delinquent / Tax Sale,Tax Sale / FiFa (DOUGLAS),2026-09-01,TAX-2025-01090150095,61.78,65,Tax delinquent; Past tax sale / redemption period,Douglas County Tax Commissioner (delinquent tax list),https://douglastax.org/delinquent-tax-list
Abraham,Tesfamariam,,,,,3121 BEAVER DR,,GA,,Tax Delinquent / Tax Sale,Tax Sale / FiFa (DOUGLAS),2026-09-01,TAX-2025-01100150012,183.81,65,Tax delinquent; Past tax sale / redemption period,Douglas County Tax Commissioner (delinquent tax list),https://douglastax.org/delinquent-tax-list
"JLM REALTY FIRM, LLC",,,,,,3205 POPE RD,,GA,,Tax Delinquent / Tax Sale,Tax Sale / FiFa (DOUGLAS),2026-09-01,TAX-2025-01100150230,1765.19,65,Tax delinquent; Past tax sale / redemption period; LLC / corp owner,Douglas County Tax Commissioner (delinquent tax list),https://douglastax.org/delinquent-tax-list
Priscilla,Armes,,,,,3412 LAKE MONROE RD,,GA,,Tax Delinquent / Tax Sale,Tax Sale / FiFa (DOUGLAS),2026-09-01,TAX-2025-01110150009,1438.11,65,Tax delinquent; Past tax sale / redemption period,Douglas County Tax Commissioner (delinquent tax list),https://douglastax.org/delinquent-tax-list
Grace,Tripp,,,,,0 ARNOLDS MILL OVERPASS OFF,,GA,,Tax Delinquent / Tax Sale,Tax Sale / FiFa (DOUGLAS),2026-09-01,TAX-2024-01140150292,1180.83,65,Tax delinquent; Past tax sale / redemption period,Douglas County Tax Commissioner (delinquent tax list),https://douglastax.org/delinquent-tax-list
Tania,Oglesby,,,,,225 MILLWHEEL DR,,GA,,Tax Delinquent / Tax Sale,Tax Sale / FiFa (DOUGLAS),2026-09-01,TAX-2025-01150250290,3852.72,65,Tax delinquent; Past tax sale / redemption period,Douglas County Tax Commissioner (delinquent tax list),https://douglastax.org/delinquent-tax-list
Taisha,Payton,,,,,208 MILLSTREAM RDG,,GA,,Tax Delinquent / Tax Sale,Tax Sale / FiFa (DOUGLAS),2026-09-01,TAX-2025-01150250331,5886.36,65,Tax delinquent; Past tax sale / redemption period,Douglas County Tax Commissioner (delinquent tax list),https://douglastax.org/delinquent-tax-list
Ashley,Walker,,,,,7575 POST RD,,GA,,Tax Delinquent / Tax Sale,Tax Sale / FiFa (DOUGLAS),2026-09-01,TAX-2025-01180350008,1017.53,65,Tax delinquent; Past tax sale / redemption period,Douglas County Tax Commissioner (delinquent tax list),https://douglastax.org/delinquent-tax-list
Denise M,Waddell,,,,,3445 EPHESUS HEIGHTS DR,,GA,,Tax Delinquent / Tax Sale,Tax Sale / FiFa (DOUGLAS),2026-09-01,TAX-2025-01190250012,1167.99,65,Tax delinquent; Past tax sale / redemption period,Douglas County Tax Commissioner (delinquent tax list),https://douglastax.org/delinquent-tax-list
Terri Lou Nka,Vansant,,,,,3547 POST RD,,GA,,Tax Delinquent / Tax Sale,Tax Sale / FiFa (DOUGLAS),2026-09-01,TAX-2025-01200250063,277.18,65,Tax delinquent; Past tax sale / redemption period,Douglas County Tax Commissioner (delinquent tax list),https://douglastax.org/delinquent-tax-list
Stacie M,Kimball,,,,,8177 TYREE RD,,GA,,Tax Delinquent / Tax Sale,Tax Sale / FiFa (DOUGLAS),2026-09-01,TAX-2025-01200350030,1757.20,65,Tax delinquent; Past tax sale / redemption period,Douglas County Tax Commissioner (delinquent tax list),https://douglastax.org/delinquent-tax-list
The Enclave At Saint Andrews,Homeowners,,,,,8810 CALLAWAY DR,,GA,,Tax Delinquent / Tax Sale,Tax Sale / FiFa (DOUGLAS),2026-09-01,TAX-2024-01210350176,131.97,65,Tax delinquent; Past tax sale / redemption period,Douglas County Tax Commissioner (delinquent tax list),https://douglastax.org/delinquent-tax-list
Sharon K,Donnel,,,,,7352 MASON FALLS DR,,GA,,Tax Delinquent / Tax Sale,Tax Sale / FiFa (DOUGLAS),2026-09-01,TAX-2025-01220250017,2170.67,65,Tax delinquent; Past tax sale / redemption period,Douglas County Tax Commissioner (delinquent tax list),https://douglastax.org/delinquent-tax-list
Sean,Rigg,,,,,3517 BIRCHWOOD DR,,GA,,Tax Delinquent / Tax Sale,Tax Sale / FiFa (DOUGLAS),2026-09-01,TAX-2025-01250250008,1929.71,65,Tax delinquent; Past tax sale / redemption period,Douglas County Tax Commissioner (delinquent tax list),https://douglastax.org/delinquent-tax-list
Jonathan S,Crass,,,,,6339 EXECUTIVE DR,,GA,,Tax Delinquent / Tax Sale,Tax Sale / FiFa (DOUGLAS),2026-09-01,TAX-2025-01250250054,751.05,65,Tax delinquent; Past tax sale / redemption period,Douglas County Tax Commissioner (delinquent tax list),https://douglastax.org/delinquent-tax-list
Manuel,Matista,,,,,6379 EXECUTIVE DR,,GA,,Tax Delinquent / Tax Sale,Tax Sale / FiFa (DOUGLAS),2026-09-01,TAX-2025-01250250058,2382.04,65,Tax delinquent; Past tax sale / redemption period,Douglas County Tax Commissioner (delinquent tax list),https://douglastax.org/delinquent-tax-list
Sonny L,Crawford,,,,,6526 EXECUTIVE DR,,GA,,Tax Delinquent / Tax Sale,Tax Sale / FiFa (DOUGLAS),2026-09-01,TAX-2025-01250250092,380.13,65,Tax delinquent; Past tax sale / redemption period,Douglas County Tax Commissioner (delinquent tax list),https://douglastax.org/delinquent-tax-list
Ana,Lopez Perez,,,,,3551 ANNEEWAKEE RD,,GA,,Tax Delinquent / Tax Sale,Tax Sale / FiFa (DOUGLAS),2026-09-01,TAX-2025-01260150005,283.48,65,Tax delinquent; Past tax sale / redemption period,Douglas County Tax Commissioner (delinquent tax list),https://douglastax.org/delinquent-tax-list
Anthony C,Dumitras,,,,,6283 LAKEVIEW DR,,GA,,Tax Delinquent / Tax Sale,Tax Sale / FiFa (DOUGLAS),2026-09-01,TAX-2025-01260250023,1159.48,65,Tax delinquent; Past tax sale / redemption period,Douglas County Tax Commissioner (delinquent tax list),https://douglastax.org/delinquent-tax-list
Clementine,Thomas,,,,,6292 LAKEVIEW DR,,GA,,Tax Delinquent / Tax Sale,Tax Sale / FiFa (DOUGLAS),2026-09-01,TAX-2025-01260250025,455.39,65,Tax delinquent; Past tax sale / redemption period,Douglas County Tax Commissioner (delinquent tax list),https://douglastax.org/delinquent-tax-list
Latravon B,Lyons,,,,,3806 WILLOW TREE CIR,,GA,,Tax Delinquent / Tax Sale,Tax Sale / FiFa (DOUGLAS),2026-09-01,TAX-2024-01270150028,549.35,65,Tax delinquent; Past tax sale / redemption period,Douglas County Tax Commissioner (delinquent tax list),https://douglastax.org/delinquent-tax-list
Ronse D,Williams,,,,,3801 WILLOW TREE CIR,,GA,,Tax Delinquent / Tax Sale,Tax Sale / FiFa (DOUGLAS),2026-09-01,TAX-2025-01270150032,3184.33,65,Tax delinquent; Past tax sale / redemption period,Douglas County Tax Commissioner (delinquent tax list),https://douglastax.org/delinquent-tax-list
Demetrius,Dobbs,,,,,2793 AMBER FOREST DR,,GA,,Tax Delinquent / Tax Sale,Tax Sale / FiFa (DOUGLAS),2026-09-01,TAX-2025-01270150073,2600.41,65,Tax delinquent; Past tax sale / redemption period,Douglas County Tax Commissioner (delinquent tax list),https://douglastax.org/delinquent-tax-list
Timothy J,Amee,,,,,2940 LAKE MONROE RD,,GA,,Tax Delinquent / Tax Sale,Tax Sale / FiFa (DOUGLAS),2026-09-01,TAX-2025-01280150022,259.75,65,Tax delinquent; Past tax sale / redemption period,Douglas County Tax Commissioner (delinquent tax list),https://douglastax.org/delinquent-tax-list
Perennial Walk At Lake,Monroe,,,,,4120 TARNWOOD PL,,GA,,Tax Delinquent / Tax Sale,Tax Sale / FiFa (DOUGLAS),2026-09-01,TAX-2025-01280150171,528.59,65,Tax delinquent; Past tax sale / redemption period,Douglas County Tax Commissioner (delinquent tax list),https://douglastax.org/delinquent-tax-list
Kou Shan-Trell,Dejesus,,,,,4045 TARNWOOD PL,,GA,,Tax Delinquent / Tax Sale,Tax Sale / FiFa (DOUGLAS),2026-09-01,TAX-2024-01280150173,3515.41,65,Tax delinquent; Past tax sale / redemption period,Douglas County Tax Commissioner (delinquent tax list),https://douglastax.org/delinquent-tax-list
"RETRAC INTERNATIONAL, LLC",,,,,,5710 STEWART MILL RD,,GA,,Tax Delinquent / Tax Sale,Tax Sale / FiFa (DOUGLAS),2026-09-01,TAX-2025-01280250216,2185.94,65,Tax delinquent; Past tax sale / redemption period; LLC / corp owner,Douglas County Tax Commissioner (delinquent tax list),https://douglastax.org/delinquent-tax-list
Charles E,Blair,,,,,3057 TARA WOODS DR,,GA,,Tax Delinquent / Tax Sale,Tax Sale / FiFa (DOUGLAS),2026-09-01,TAX-2025-01290150063,2420.11,65,Tax delinquent; Past tax sale / redemption period,Douglas County Tax Commissioner (delinquent tax list),https://douglastax.org/delinquent-tax-list
Marcus,Mcclain,,,,,2816 AUNT PITTY PAT LN,,GA,,Tax Delinquent / Tax Sale,Tax Sale / FiFa (DOUGLAS),2026-09-01,TAX-2025-01290150078,3171.55,65,Tax delinquent; Past tax sale / redemption period,Douglas County Tax Commissioner (delinquent tax list),https://douglastax.org/delinquent-tax-list
"CLH REAL ESTATE, LLC",,,,,,9611 HWY 5,,GA,,Tax Delinquent / Tax Sale,Tax Sale / FiFa (DOUGLAS),2026-09-01,TAX-2025-01290250002,2424.71,65,Tax delinquent; Past tax sale / redemption period; LLC / corp owner,Douglas County Tax Commissioner (delinquent tax list),https://douglastax.org/delinquent-tax-list
Julian Fragoso And,Colotl,,,,,3251 LAUADA CT,,GA,,Tax Delinquent / Tax Sale,Tax Sale / FiFa (DOUGLAS),2026-09-01,TAX-2025-01290250162,406.98,65,Tax delinquent; Past tax sale / redemption period,Douglas County Tax Commissioner (delinquent tax list),https://douglastax.org/delinquent-tax-list
Katherine,Neustadt,,,,,6065 COWAN MILL RD,,GA,,Tax Delinquent / Tax Sale,Tax Sale / FiFa (DOUGLAS),2026-09-01,TAX-2025-01300250028,2643.63,65,Tax delinquent; Past tax sale / redemption period,Douglas County Tax Commissioner (delinquent tax list),https://douglastax.org/delinquent-tax-list
"JACKSON, JOHN DONALD ESTATE",,,,,,6229 PINE LN,,GA,,Tax Delinquent / Tax Sale,Tax Sale / FiFa (DOUGLAS),2026-09-01,TAX-2025-01310250019,3058.48,65,Tax delinquent; Past tax sale / redemption period,Douglas County Tax Commissioner (delinquent tax list),https://douglastax.org/delinquent-tax-list
Steven C,Leathers,,,,,3299 ORIOLE DR,,GA,,Tax Delinquent / Tax Sale,Tax Sale / FiFa (DOUGLAS),2026-09-01,TAX-2025-01310250089,613.97,65,Tax delinquent; Past tax sale / redemption period,Douglas County Tax Commissioner (delinquent tax list),https://douglastax.org/delinquent-tax-list
Iveth M,Zapata,,,,,6144 PINE LN,,GA,,Tax Delinquent / Tax Sale,Tax Sale / FiFa (DOUGLAS),2026-09-01,TAX-2025-01310250099,84.10,65,Tax delinquent; Past tax sale / redemption period,Douglas County Tax Commissioner (delinquent tax list),https://douglastax.org/delinquent-tax-list
"GARCIA, JAMES, ESTATE",,,,,,6095 COWAN MILL RD,,GA,,Tax Delinquent / Tax Sale,Tax Sale / FiFa (DOUGLAS),2026-09-01,TAX-2025-01310250111,193.54,65,Tax delinquent; Past tax sale / redemption period,Douglas County Tax Commissioner (delinquent tax list),https://douglastax.org/delinquent-tax-list
Rafael,Hernandez,,,,,3317 SPREADING OAK DR,,GA,,Tax Delinquent / Tax Sale,Tax Sale / FiFa (DOUGLAS),2026-09-01,TAX-2025-01310250136,2169.36,65,Tax delinquent; Past tax sale / redemption period,Douglas County Tax Commissioner (delinquent tax list),https://douglastax.org/delinquent-tax-list
"STRICKLAND, LEROY L, ESTATE AND FR",,,,,,0 ROBIN HOOD LN OFF,,GA,,Tax Delinquent / Tax Sale,Tax Sale / FiFa (DOUGLAS),2026-09-01,TAX-2025-01320250110,436.74,65,Tax delinquent; Past tax sale / redemption period,Douglas County Tax Commissioner (delinquent tax list),https://douglastax.org/delinquent-tax-list
Leola K,Lareau,,,,,0 ROBIN HOOD LN OFF,,GA,,Tax Delinquent / Tax Sale,Tax Sale / FiFa (DOUGLAS),2026-09-01,TAX-2023-01320250118,953.57,65,Tax delinquent; Past tax sale / redemption period,Douglas County Tax Commissioner (delinquent tax list),https://douglastax.org/delinquent-tax-list
Guestelia,Theodore,,,,,3105 HWY 92 - FAIRBURN RD,,GA,,Tax Delinquent / Tax Sale,Tax Sale / FiFa (DOUGLAS),2026-09-01,TAX-2025-01330150019,256.32,65,Tax delinquent; Past tax sale / redemption period,Douglas County Tax Commissioner (delinquent tax list),https://douglastax.org/delinquent-tax-list
"James, Jr",Taylor,,,,,0 MOUNTAIN BROOK CT,,GA,,Tax Delinquent / Tax Sale,Tax Sale / FiFa (DOUGLAS),2026-09-01,TAX-2025-01330150069,78.17,65,Tax delinquent; Past tax sale / redemption period,Douglas County Tax Commissioner (delinquent tax list),https://douglastax.org/delinquent-tax-list
Patsy A,Hill,,,,,3480 ANNEEWAKEE RD,,GA,,Tax Delinquent / Tax Sale,Tax Sale / FiFa (DOUGLAS),2026-09-01,TAX-2024-01340150030,352.70,65,Tax delinquent; Past tax sale / redemption period,Douglas County Tax Commissioner (delinquent tax list),https://douglastax.org/delinquent-tax-list
Eva Del Carmen Gonzalez,Contreras,,,,,3363 N ANNEEWAKEE RD,,GA,,Tax Delinquent / Tax Sale,Tax Sale / FiFa (DOUGLAS),2026-09-01,TAX-2025-01340150039,1027.02,65,Tax delinquent; Past tax sale / redemption period,Douglas County Tax Commissioner (delinquent tax list),https://douglastax.org/delinquent-tax-list
Donald,Jackson,,,,,3235 THORNERIDGE TRL,,GA,,Tax Delinquent / Tax Sale,Tax Sale / FiFa (DOUGLAS),2026-09-01,TAX-2025-01340150045,1323.02,65,Tax delinquent; Past tax sale / redemption period,Douglas County Tax Commissioner (delinquent tax list),https://douglastax.org/delinquent-tax-list
"VIEUX JOSEPH, ESTATE",,,,,,2580 HARRISON MILL DR 30135 441,,GA,,Tax Delinquent / Tax Sale,Tax Sale / FiFa (DOUGLAS),2026-09-01,TAX-2025-01360150036,6111.30,65,Tax delinquent; Past tax sale / redemption period,Douglas County Tax Commissioner (delinquent tax list),https://douglastax.org/delinquent-tax-list
"Samuel, Iii",Hutchinson,,,,,4055 JACKIE DR,,GA,,Tax Delinquent / Tax Sale,Tax Sale / FiFa (DOUGLAS),2026-09-01,TAX-2025-01360150120,2439.98,65,Tax delinquent; Past tax sale / redemption period,Douglas County Tax Commissioner (delinquent tax list),https://douglastax.org/delinquent-tax-list
JEAN-LOUIS FELIX SANON LIVING TRUST,,,,,,2757 JACOB LN,,GA,,Tax Delinquent / Tax Sale,Tax Sale / FiFa (DOUGLAS),2026-09-01,TAX-2025-01360150130,1220.03,65,Tax delinquent; Past tax sale / redemption period,Douglas County Tax Commissioner (delinquent tax list),https://douglastax.org/delinquent-tax-list
Katie B,Williams,,,,,3197 MASON CREEK RD,,GA,,Tax Delinquent / Tax Sale,Tax Sale / FiFa (DOUGLAS),2026-09-01,TAX-2024-01360250030,303.36,65,Tax delinquent; Past tax sale / redemption period,Douglas County Tax Commissioner (delinquent tax list),https://douglastax.org/delinquent-tax-list
Lolette V,Alba,,,,,2520 HILDERBRAND DR,,GA,,Tax Delinquent / Tax Sale,Tax Sale / FiFa (DOUGLAS),2026-09-01,TAX-2025-01370150019,503.56,65,Tax delinquent; Past tax sale / redemption period,Douglas County Tax Commissioner (delinquent tax list),https://douglastax.org/delinquent-tax-list
Megel George,Leung,,,,,0 RICHARDSON RD OFF,,GA,,Tax Delinquent / Tax Sale,Tax Sale / FiFa (DOUGLAS),2026-09-01,TAX-2025-01370250016,396.56,65,Tax delinquent; Past tax sale / redemption period,Douglas County Tax Commissioner (delinquent tax list),https://douglastax.org/delinquent-tax-list
"POUNDS, EDDIE, ESTATE",,,,,,3288 RICHARDSON RD,,GA,,Tax Delinquent / Tax Sale,Tax Sale / FiFa (DOUGLAS),2026-09-01,TAX-2025-01370250035,2146.37,65,Tax delinquent; Past tax sale / redemption period,Douglas County Tax Commissioner (delinquent tax list),https://douglastax.org/delinquent-tax-list
"Alfreda Charlette, Etal",Wheat,,,,,3361 RICHARDSON RD,,GA,,Tax Delinquent / Tax Sale,Tax Sale / FiFa (DOUGLAS),2026-09-01,TAX-2025-01370250039,1291.44,65,Tax delinquent; Past tax sale / redemption period,Douglas County Tax Commissioner (delinquent tax list),https://douglastax.org/delinquent-tax-list
Albert F,Gray,,,,,0 BLACKBERRY LN OFF,,GA,,Tax Delinquent / Tax Sale,Tax Sale / FiFa (DOUGLAS),2026-09-01,TAX-2025-01380250017,509.66,65,Tax delinquent; Past tax sale / redemption period,Douglas County Tax Commissioner (delinquent tax list),https://douglastax.org/delinquent-tax-list
Rachel E,Timmons,,,,,9780 POOLE RD,,GA,,Tax Delinquent / Tax Sale,Tax Sale / FiFa (DOUGLAS),2026-09-01,TAX-2025-01430250012,1792.08,65,Tax delinquent; Past tax sale / redemption period,Douglas County Tax Commissioner (delinquent tax list),https://douglastax.org/delinquent-tax-list
Bianca,Scott,,,,,3365 ECHO FALLS CT,,GA,,Tax Delinquent / Tax Sale,Tax Sale / FiFa (DOUGLAS),2026-09-01,TAX-2025-01430250047,492.03,65,Tax delinquent; Past tax sale / redemption period,Douglas County Tax Commissioner (delinquent tax list),https://douglastax.org/delinquent-tax-list
"YHWH REALTY, INC",,,,,,3340 ECHO FALLS CT,,GA,,Tax Delinquent / Tax Sale,Tax Sale / FiFa (DOUGLAS),2026-09-01,TAX-2025-01430250053,89.33,65,Tax delinquent; Past tax sale / redemption period; LLC / corp owner,Douglas County Tax Commissioner (delinquent tax list),https://douglastax.org/delinquent-tax-list
Jonathan,Ray,,,,,9935 POOLE RD,,GA,,Tax Delinquent / Tax Sale,Tax Sale / FiFa (DOUGLAS),2026-09-01,TAX-2025-01430250058,763.05,65,Tax delinquent; Past tax sale / redemption period,Douglas County Tax Commissioner (delinquent tax list),https://douglastax.org/delinquent-tax-list
John C,Just,,,,,8066 RANNOCH MOOR DR,,GA,,Tax Delinquent / Tax Sale,Tax Sale / FiFa (DOUGLAS),2026-09-01,TAX-2023-01430350054,4307.85,65,Tax delinquent; Past tax sale / redemption period,Douglas County Tax Commissioner (delinquent tax list),https://douglastax.org/delinquent-tax-list
Martin Billy,L,,,,,9056 E CARROLL RD,,GA,,Tax Delinquent / Tax Sale,Tax Sale / FiFa (DOUGLAS),2026-09-01,TAX-2025-01430350215,3727.79,65,Tax delinquent; Past tax sale / redemption period,Douglas County Tax Commissioner (delinquent tax list),https://douglastax.org/delinquent-tax-list
"TRIPLELAY INDUSTRIES, LLC",,,,,,8955 OCHIL LN,,GA,,Tax Delinquent / Tax Sale,Tax Sale / FiFa (DOUGLAS),2026-09-01,TAX-2025-01440350018,3781.60,65,Tax delinquent; Past tax sale / redemption period; LLC / corp owner,Douglas County Tax Commissioner (delinquent tax list),https://douglastax.org/delinquent-tax-list
J C Roy,Edwards,,,,,0 OCHIL LN OFF,,GA,,Tax Delinquent / Tax Sale,Tax Sale / FiFa (DOUGLAS),2026-09-01,TAX-2022-01440350063,1080.00,65,Tax delinquent; Past tax sale / redemption period,Douglas County Tax Commissioner (delinquent tax list),https://douglastax.org/delinquent-tax-list
"Alan A, Etal",Behar,,,,,0 HWY 78,,GA,,Tax Delinquent / Tax Sale,Tax Sale / FiFa (DOUGLAS),2026-09-01,TAX-2022-01450250025,1681.56,65,Tax delinquent; Past tax sale / redemption period,Douglas County Tax Commissioner (delinquent tax list),https://douglastax.org/delinquent-tax-list
"NET PROPERTIES, LLC",,,,,,3799 CHATTAHOOCHEE DR,,GA,,Tax Delinquent / Tax Sale,Tax Sale / FiFa (DOUGLAS),2026-09-01,TAX-2025-01470150017,431.89,65,Tax delinquent; Past tax sale / redemption period; LLC / corp owner,Douglas County Tax Commissioner (delinquent tax list),https://douglastax.org/delinquent-tax-list
Dale R,Patterson,,,,,0 HUNT RD,,GA,,Tax Delinquent / Tax Sale,Tax Sale / FiFa (DOUGLAS),2026-09-01,TAX-2024-01470150066,425.31,65,Tax delinquent; Past tax sale / redemption period,Douglas County Tax Commissioner (delinquent tax list),https://douglastax.org/delinquent-tax-list
Morris L,Griffin,,,,,9094 HWY 166,,GA,,Tax Delinquent / Tax Sale,Tax Sale / FiFa (DOUGLAS),2026-09-01,TAX-2025-01470350008,361.83,65,Tax delinquent; Past tax sale / redemption period,Douglas County Tax Commissioner (delinquent tax list),https://douglastax.org/delinquent-tax-list
Yarbrough Clezze S,Borges,,,,,8916 HWY 166,,GA,,Tax Delinquent / Tax Sale,Tax Sale / FiFa (DOUGLAS),2026-09-01,TAX-2025-01470350012,2210.35,65,Tax delinquent; Past tax sale / redemption period,Douglas County Tax Commissioner (delinquent tax list),https://douglastax.org/delinquent-tax-list
Alexis Ramirez,Vallego,,,,,2844 BUSBIN CT,,GA,,Tax Delinquent / Tax Sale,Tax Sale / FiFa (DOUGLAS),2026-09-01,TAX-2025-01480250026,1633.13,65,Tax delinquent; Past tax sale / redemption period,Douglas County Tax Commissioner (delinquent tax list),https://douglastax.org/delinquent-tax-list
,,,,,,0 TIMMONS CIR,,GA,,Tax Delinquent / Tax Sale,Tax Sale / FiFa (DOUGLAS),2026-09-01,TAX-2024-01490250019,512.45,65,Tax delinquent; Past tax sale / redemption period,Douglas County Tax Commissioner (delinquent tax list),https://douglastax.org/delinquent-tax-list
Tonia,Colwell,,,,,2851 N MCKOY RD,,GA,,Tax Delinquent / Tax Sale,Tax Sale / FiFa (DOUGLAS),2026-09-01,TAX-2025-01500250012,1524.93,65,Tax delinquent; Past tax sale / redemption period,Douglas County Tax Commissioner (delinquent tax list),https://douglastax.org/delinquent-tax-list
Tonia M,Colwell,,,,,0 N MCKOY RD,,GA,,Tax Delinquent / Tax Sale,Tax Sale / FiFa (DOUGLAS),2026-09-01,TAX-2025-01500250031,50.79,65,Tax delinquent; Past tax sale / redemption period,Douglas County Tax Commissioner (delinquent tax list),https://douglastax.org/delinquent-tax-list
Danny Wayne,Ballew,,,,,2752 MT VERNON RD,,GA,,Tax Delinquent / Tax Sale,Tax Sale / FiFa (DOUGLAS),2026-09-01,TAX-2025-01510150014,4621.76,65,Tax delinquent; Past tax sale / redemption period,Douglas County Tax Commissioner (delinquent tax list),https://douglastax.org/delinquent-tax-list
James Adam,Garner,,,,,5953 TYREE RD,,GA,,Tax Delinquent / Tax Sale,Tax Sale / FiFa (DOUGLAS),2026-09-01,TAX-2024-01510350020,371.79,65,Tax delinquent; Past tax sale / redemption period,Douglas County Tax Commissioner (delinquent tax list),https://douglastax.org/delinquent-tax-list
Michael,Overcash,,,,,7932 MATTIE MCCOY LN,,GA,,Tax Delinquent / Tax Sale,Tax Sale / FiFa (DOUGLAS),2026-09-01,TAX-2025-01520250006,657.33,65,Tax delinquent; Past tax sale / redemption period,Douglas County Tax Commissioner (delinquent tax list),https://douglastax.org/delinquent-tax-list
Tamara,Lee,,,,,3231 FOUNDERS WAY,,GA,,Tax Delinquent / Tax Sale,Tax Sale / FiFa (DOUGLAS),2026-09-01,TAX-2025-01550150431,609.32,65,Tax delinquent; Past tax sale / redemption period,Douglas County Tax Commissioner (delinquent tax list),https://douglastax.org/delinquent-tax-list
Sergei V,Todurov,,,,,3001 CAMPGROUND RD,,GA,,Tax Delinquent / Tax Sale,Tax Sale / FiFa (DOUGLAS),2026-09-01,TAX-2025-01550250019,2690.19,65,Tax delinquent; Past tax sale / redemption period,Douglas County Tax Commissioner (delinquent tax list),https://douglastax.org/delinquent-tax-list
"GLOBAL WORD CHURCH, INC",,,,,,2829 CAMPGROUND RD,,GA,,Tax Delinquent / Tax Sale,Tax Sale / FiFa (DOUGLAS),2026-09-01,TAX-2020-01550250067,8952.68,65,Tax delinquent; Past tax sale / redemption period; LLC / corp owner,Douglas County Tax Commissioner (delinquent tax list),https://douglastax.org/delinquent-tax-list
Dorothy E,Johnson,,,,,0 JOHN WEST RD OFF,,GA,,Tax Delinquent / Tax Sale,Tax Sale / FiFa (DOUGLAS),2026-09-01,TAX-2025-01560250020,213.56,65,Tax delinquent; Past tax sale / redemption period,Douglas County Tax Commissioner (delinquent tax list),https://douglastax.org/delinquent-tax-list
Michael B,Hulsey,,,,,0 VALLEY RD,,GA,,Tax Delinquent / Tax Sale,Tax Sale / FiFa (DOUGLAS),2026-09-01,TAX-2022-01570150003,180.91,65,Tax delinquent; Past tax sale / redemption period,Douglas County Tax Commissioner (delinquent tax list),https://douglastax.org/delinquent-tax-list
Ronnie,Huff,,,,,0 PARK RD,,GA,,Tax Delinquent / Tax Sale,Tax Sale / FiFa (DOUGLAS),2026-09-01,TAX-2025-01600150016,222.48,65,Tax delinquent; Past tax sale / redemption period,Douglas County Tax Commissioner (delinquent tax list),https://douglastax.org/delinquent-tax-list
Mary A,Thomason,,,,,0 KING DR,,GA,,Tax Delinquent / Tax Sale,Tax Sale / FiFa (DOUGLAS),2026-09-01,TAX-2023-01600150092,220.56,65,Tax delinquent; Past tax sale / redemption period,Douglas County Tax Commissioner (delinquent tax list),https://douglastax.org/delinquent-tax-list
"CREDI DOUGLASVILLE, LLC",,,,,,7001 CONCOURSE PKWY,,GA,,Tax Delinquent / Tax Sale,Tax Sale / FiFa (DOUGLAS),2026-09-01,TAX-2025-01610250059,27335.13,65,Tax delinquent; Past tax sale / redemption period; LLC / corp owner,Douglas County Tax Commissioner (delinquent tax list),https://douglastax.org/delinquent-tax-list
Samuel,Hart,,,,,2744 MANN RD,,GA,,Tax Delinquent / Tax Sale,Tax Sale / FiFa (DOUGLAS),2026-09-01,TAX-2024-01680250013,94.25,65,Tax delinquent; Past tax sale / redemption period,Douglas County Tax Commissioner (delinquent tax list),https://douglastax.org/delinquent-tax-list
"Owen M A K A Case, Owen",Case,,,,,7887 POPPY SEED PL,,GA,,Tax Delinquent / Tax Sale,Tax Sale / FiFa (DOUGLAS),2026-09-01,TAX-2025-01680250117,2372.70,65,Tax delinquent; Past tax sale / redemption period,Douglas County Tax Commissioner (delinquent tax list),https://douglastax.org/delinquent-tax-list
G R And,Thomason,,,,,14031 VETERANS MEMORIAL HWY,,GA,,Tax Delinquent / Tax Sale,Tax Sale / FiFa (DOUGLAS),2026-09-01,TAX-2022-01690250002,446.82,65,Tax delinquent; Past tax sale / redemption period,Douglas County Tax Commissioner (delinquent tax list),https://douglastax.org/delinquent-tax-list
"SPARKS, WILLIAM L, ESTATE AND",,,,,,7944 SMITH RD,,GA,,Tax Delinquent / Tax Sale,Tax Sale / FiFa (DOUGLAS),2026-09-01,TAX-2025-01690250014,1048.27,65,Tax delinquent; Past tax sale / redemption period,Douglas County Tax Commissioner (delinquent tax list),https://douglastax.org/delinquent-tax-list
Bobbie A,Drake,,,,,8560 ANDY MOUNTAIN CT,,GA,,Tax Delinquent / Tax Sale,Tax Sale / FiFa (DOUGLAS),2026-09-01,TAX-2025-01710250029,388.46,65,Tax delinquent; Past tax sale / redemption period,Douglas County Tax Commissioner (delinquent tax list),https://douglastax.org/delinquent-tax-list
Morris S,Flowers,,,,,2564 GRAYTON LOOP,,GA,,Tax Delinquent / Tax Sale,Tax Sale / FiFa (DOUGLAS),2026-09-01,TAX-2025-01730250309,966.15,65,Tax delinquent; Past tax sale / redemption period,Douglas County Tax Commissioner (delinquent tax list),https://douglastax.org/delinquent-tax-list
Mubshra,Raza,,,,,2520 GOLD HILL CT,,GA,,Tax Delinquent / Tax Sale,Tax Sale / FiFa (DOUGLAS),2026-09-01,TAX-2025-01750250016,6746.41,65,Tax delinquent; Past tax sale / redemption period,Douglas County Tax Commissioner (delinquent tax list),https://douglastax.org/delinquent-tax-list
Leslie Kay,Woods,,,,,2702 MARINER WAY,,GA,,Tax Delinquent / Tax Sale,Tax Sale / FiFa (DOUGLAS),2026-09-01,TAX-2025-01750250079,366.48,65,Tax delinquent; Past tax sale / redemption period,Douglas County Tax Commissioner (delinquent tax list),https://douglastax.org/delinquent-tax-list
"WADE, KATHERINE OLIVIA, ESTATE",,,,,,2648 NEIGHBORHOOD WALK S,,GA,,Tax Delinquent / Tax Sale,Tax Sale / FiFa (DOUGLAS),2026-09-01,TAX-2025-01750250169,3753.06,65,Tax delinquent; Past tax sale / redemption period,Douglas County Tax Commissioner (delinquent tax list),https://douglastax.org/delinquent-tax-list
Frances Ann,Durso,,,,,2666 NEIGHBORHOOD WALK S,,GA,,Tax Delinquent / Tax Sale,Tax Sale / FiFa (DOUGLAS),2026-09-01,TAX-2025-01750250178,1400.95,65,Tax delinquent; Past tax sale / redemption period,Douglas County Tax Commissioner (delinquent tax list),https://douglastax.org/delinquent-tax-list
"BPSH1, LLC",,,,,,1042 OVERLOOK DR,,GA,,Tax Delinquent / Tax Sale,Tax Sale / FiFa (DOUGLAS),2026-09-01,TAX-2025-01750250238,11023.23,65,Tax delinquent; Past tax sale / redemption period; LLC / corp owner,Douglas County Tax Commissioner (delinquent tax list),https://douglastax.org/delinquent-tax-list
"HPA BORROWER 2018-1 MS, LLC",,,,,,1038 OVERLOOK DR,,GA,,Tax Delinquent / Tax Sale,Tax Sale / FiFa (DOUGLAS),2026-09-01,TAX-2025-01750250240,668.08,65,Tax delinquent; Past tax sale / redemption period; LLC / corp owner,Douglas County Tax Commissioner (delinquent tax list),https://douglastax.org/delinquent-tax-list
"Lourdes M, Etal",Bello,,,,,0 CONNERS RD,,GA,,Tax Delinquent / Tax Sale,Tax Sale / FiFa (DOUGLAS),2026-09-01,TAX-2025-01750250250,4260.48,65,Tax delinquent; Past tax sale / redemption period,Douglas County Tax Commissioner (delinquent tax list),https://douglastax.org/delinquent-tax-list
Raymond Edwin,Presley,,,,,9999 BRIDGEWATER PTE,,GA,,Tax Delinquent / Tax Sale,Tax Sale / FiFa (DOUGLAS),2026-09-01,TAX-2025-01780250160,3112.30,65,Tax delinquent; Past tax sale / redemption period,Douglas County Tax Commissioner (delinquent tax list),https://douglastax.org/delinquent-tax-list
"HAMPTON, JAMES D AND BEVERLY G, ESTATE",,,,,,1049 SOUTHWOOD DR,,GA,,Tax Delinquent / Tax Sale,Tax Sale / FiFa (DOUGLAS),2026-09-01,TAX-2025-01800250033,1803.95,65,Tax delinquent; Past tax sale / redemption period,Douglas County Tax Commissioner (delinquent tax list),https://douglastax.org/delinquent-tax-list
Griffis Michael,W,,,,,8308 CONNERS RD,,GA,,Tax Delinquent / Tax Sale,Tax Sale / FiFa (DOUGLAS),2026-09-01,TAX-2025-01830250015,5856.37,65,Tax delinquent; Past tax sale / redemption period,Douglas County Tax Commissioner (delinquent tax list),https://douglastax.org/delinquent-tax-list
"Herman Ray, Jr",Kenemore,,,,,2355 MOUNTAIN TOP RD,,GA,,Tax Delinquent / Tax Sale,Tax Sale / FiFa (DOUGLAS),2026-09-01,TAX-2025-01850250032,1485.22,65,Tax delinquent; Past tax sale / redemption period,Douglas County Tax Commissioner (delinquent tax list),https://douglastax.org/delinquent-tax-list
Paul E,Bailey,,,,,6188 TYREE RD,,GA,,Tax Delinquent / Tax Sale,Tax Sale / FiFa (DOUGLAS),2026-09-01,TAX-2025-01900350024,1042.02,65,Tax delinquent; Past tax sale / redemption period,Douglas County Tax Commissioner (delinquent tax list),https://douglastax.org/delinquent-tax-list
Grant,Seabrook,,,,,0 TYREE RD,,GA,,Tax Delinquent / Tax Sale,Tax Sale / FiFa (DOUGLAS),2026-09-01,TAX-2025-01900350028,718.11,65,Tax delinquent; Past tax sale / redemption period,Douglas County Tax Commissioner (delinquent tax list),https://douglastax.org/delinquent-tax-list
Mary Annette,Thomason,,,,,12821 VETERANS MEMORIAL HWY,,GA,,Tax Delinquent / Tax Sale,Tax Sale / FiFa (DOUGLAS),2026-09-01,TAX-2022-01910250067,2196.54,65,Tax delinquent; Past tax sale / redemption period,Douglas County Tax Commissioner (delinquent tax list),https://douglastax.org/delinquent-tax-list
Marcus Clark,Wright,,,,,8918 ROSE AVE,,GA,,Tax Delinquent / Tax Sale,Tax Sale / FiFa (DOUGLAS),2026-09-01,TAX-2025-01920250088,3764.15,65,Tax delinquent; Past tax sale / redemption period,Douglas County Tax Commissioner (delinquent tax list),https://douglastax.org/delinquent-tax-list
Jenifer Marie,Weatherspoon,,,,,7004 PINECREST DR,,GA,,Tax Delinquent / Tax Sale,Tax Sale / FiFa (DOUGLAS),2026-09-01,TAX-2025-01920250095,3429.96,65,Tax delinquent; Past tax sale / redemption period,Douglas County Tax Commissioner (delinquent tax list),https://douglastax.org/delinquent-tax-list
Janet,Sterling-Cameron,,,,,8906 PARADISE ROSE,,GA,,Tax Delinquent / Tax Sale,Tax Sale / FiFa (DOUGLAS),2026-09-01,TAX-2024-01920250115,1057.63,65,Tax delinquent; Past tax sale / redemption period,Douglas County Tax Commissioner (delinquent tax list),https://douglastax.org/delinquent-tax-list
Trung,Tong,,,,,8373 CHICAGO AVE,,GA,,Tax Delinquent / Tax Sale,Tax Sale / FiFa (DOUGLAS),2026-09-01,TAX-2025-0193025B005,1821.07,65,Tax delinquent; Past tax sale / redemption period,Douglas County Tax Commissioner (delinquent tax list),https://douglastax.org/delinquent-tax-list
Theresa Ann,Babington,,,,,0 TIMBER LANE DR,,GA,,Tax Delinquent / Tax Sale,Tax Sale / FiFa (DOUGLAS),2026-09-01,TAX-2024-01940250024,1708.11,65,Tax delinquent; Past tax sale / redemption period,Douglas County Tax Commissioner (delinquent tax list),https://douglastax.org/delinquent-tax-list
"SFR ATL OWNER, 5, LP",,,,,,0 TIMBER LANE DR,,GA,,Tax Delinquent / Tax Sale,Tax Sale / FiFa (DOUGLAS),2026-09-01,TAX-2025-01940250102,543.49,65,Tax delinquent; Past tax sale / redemption period; LLC / corp owner,Douglas County Tax Commissioner (delinquent tax list),https://douglastax.org/delinquent-tax-list
Richard Ramirez,Camacho,,,,,2180 S FLAT ROCK RD 30134 014,,GA,,Tax Delinquent / Tax Sale,Tax Sale / FiFa (DOUGLAS),2026-09-01,TAX-2025-01950250017,531.97,65,Tax delinquent; Past tax sale / redemption period,Douglas County Tax Commissioner (delinquent tax list),https://douglastax.org/delinquent-tax-list
Marion,Smith,,,,,0 S FLAT ROCK RD,,GA,,Tax Delinquent / Tax Sale,Tax Sale / FiFa (DOUGLAS),2026-09-01,TAX-2024-01950250036,416.60,65,Tax delinquent; Past tax sale / redemption period,Douglas County Tax Commissioner (delinquent tax list),https://douglastax.org/delinquent-tax-list
Norman L,Arnold,,,,,0 S FLAT ROCK RD,,GA,,Tax Delinquent / Tax Sale,Tax Sale / FiFa (DOUGLAS),2026-09-01,TAX-2024-01950250037,536.85,65,Tax delinquent; Past tax sale / redemption period,Douglas County Tax Commissioner (delinquent tax list),https://douglastax.org/delinquent-tax-list
Percell,Arnold,,,,,0 S FLAT ROCK RD,,GA,,Tax Delinquent / Tax Sale,Tax Sale / FiFa (DOUGLAS),2026-09-01,TAX-2025-01950250061,809.65,65,Tax delinquent; Past tax sale / redemption period,Douglas County Tax Commissioner (delinquent tax list),https://douglastax.org/delinquent-tax-list
Donald R,Carter,,,,,7570 INDIAN TRL,,GA,,Tax Delinquent / Tax Sale,Tax Sale / FiFa (DOUGLAS),2026-09-01,TAX-2024-01990250007,494.69,65,Tax delinquent; Past tax sale / redemption period,Douglas County Tax Commissioner (delinquent tax list),https://douglastax.org/delinquent-tax-list
Lozano Jose,Manuel,,,,,1885 OAK DR,,GA,,Tax Delinquent / Tax Sale,Tax Sale / FiFa (DOUGLAS),2026-09-01,TAX-2025-01990250194,463.53,65,Tax delinquent; Past tax sale / redemption period,Douglas County Tax Commissioner (delinquent tax list),https://douglastax.org/delinquent-tax-list
John J,Willis,,,,,7571 CORN CRIB LOOP S,,GA,,Tax Delinquent / Tax Sale,Tax Sale / FiFa (DOUGLAS),2026-09-01,TAX-2025-01990250269,379.34,65,Tax delinquent; Past tax sale / redemption period,Douglas County Tax Commissioner (delinquent tax list),https://douglastax.org/delinquent-tax-list
Jerry W,Hayes,,,,,1969 DELTA DR,,GA,,Tax Delinquent / Tax Sale,Tax Sale / FiFa (DOUGLAS),2026-09-01,TAX-2025-01990250346,472.45,65,Tax delinquent; Past tax sale / redemption period,Douglas County Tax Commissioner (delinquent tax list),https://douglastax.org/delinquent-tax-list
"Robert F, Iii",Marr,,,,,1949 DELTA DR,,GA,,Tax Delinquent / Tax Sale,Tax Sale / FiFa (DOUGLAS),2026-09-01,TAX-2025-01990250348,356.39,65,Tax delinquent; Past tax sale / redemption period,Douglas County Tax Commissioner (delinquent tax list),https://douglastax.org/delinquent-tax-list
Marcus,Reeves,,,,,7705 JUDGE AVE,,GA,,Tax Delinquent / Tax Sale,Tax Sale / FiFa (DOUGLAS),2026-09-01,TAX-2025-02000250043,265.03,65,Tax delinquent; Past tax sale / redemption period,Douglas County Tax Commissioner (delinquent tax list),https://douglastax.org/delinquent-tax-list
Olga Sanchez,Carreon,,,,,2510 SONOMA VLY 30180 874,,GA,,Tax Delinquent / Tax Sale,Tax Sale / FiFa (DOUGLAS),2026-09-01,TAX-2025-02040250094,331.02,65,Tax delinquent; Past tax sale / redemption period,Douglas County Tax Commissioner (delinquent tax list),https://douglastax.org/delinquent-tax-list
Rachel,Womack,,,,,9900 STOCKMAR RD,,GA,,Tax Delinquent / Tax Sale,Tax Sale / FiFa (DOUGLAS),2026-09-01,TAX-2025-02070250005,582.36,65,Tax delinquent; Past tax sale / redemption period,Douglas County Tax Commissioner (delinquent tax list),https://douglastax.org/delinquent-tax-list
Isioma W,Ikem,,,,,2030 STONEBROOK CIR,,GA,,Tax Delinquent / Tax Sale,Tax Sale / FiFa (DOUGLAS),2026-09-01,TAX-2025-02081820011,380.08,65,Tax delinquent; Past tax sale / redemption period,Douglas County Tax Commissioner (delinquent tax list),https://douglastax.org/delinquent-tax-list
Benjamin Miranda And,Bahena,,,,,3010 STONEBROOK CV,,GA,,Tax Delinquent / Tax Sale,Tax Sale / FiFa (DOUGLAS),2026-09-01,TAX-2025-02081820026,354.38,65,Tax delinquent; Past tax sale / redemption period,Douglas County Tax Commissioner (delinquent tax list),https://douglastax.org/delinquent-tax-list
C W,Edwards,,,,,0 CAUSEY RD,,GA,,Tax Delinquent / Tax Sale,Tax Sale / FiFa (DOUGLAS),2026-09-01,TAX-2024-02091820002,103.82,65,Tax delinquent; Past tax sale / redemption period,Douglas County Tax Commissioner (delinquent tax list),https://douglastax.org/delinquent-tax-list
"Franklin Verdell, Sr",Johnson,,,,,3309 CAUSEY RD,,GA,,Tax Delinquent / Tax Sale,Tax Sale / FiFa (DOUGLAS),2026-09-01,TAX-2025-02091820006,566.19,65,Tax delinquent; Past tax sale / redemption period,Douglas County Tax Commissioner (delinquent tax list),https://douglastax.org/delinquent-tax-list
Ludie Greer,Mccoy,,,,,3444 CENTER ST,,GA,,Tax Delinquent / Tax Sale,Tax Sale / FiFa (DOUGLAS),2026-09-01,TAX-2024-02091820038,430.55,65,Tax delinquent; Past tax sale / redemption period,Douglas County Tax Commissioner (delinquent tax list),https://douglastax.org/delinquent-tax-list
Joseph J,Hagenburg,,,,,1828 POTOMAC PL,,GA,,Tax Delinquent / Tax Sale,Tax Sale / FiFa (DOUGLAS),2026-09-01,TAX-2025-02170250020,211.96,65,Tax delinquent; Past tax sale / redemption period,Douglas County Tax Commissioner (delinquent tax list),https://douglastax.org/delinquent-tax-list
John Faulkner,Carter,,,,,7731 GOVERNOR'S LN,,GA,,Tax Delinquent / Tax Sale,Tax Sale / FiFa (DOUGLAS),2026-09-01,TAX-2024-02170250052,2722.51,65,Tax delinquent; Past tax sale / redemption period,Douglas County Tax Commissioner (delinquent tax list),https://douglastax.org/delinquent-tax-list
William Jose And,Reyes Leiva,,,,,7525 CEDAR MOUNTAIN RD,,GA,,Tax Delinquent / Tax Sale,Tax Sale / FiFa (DOUGLAS),2026-09-01,TAX-2025-02180250057,387.64,65,Tax delinquent; Past tax sale / redemption period,Douglas County Tax Commissioner (delinquent tax list),https://douglastax.org/delinquent-tax-list
Jessica Ann,Parks,,,,,7622 AUTUMN BREEZE,,GA,,Tax Delinquent / Tax Sale,Tax Sale / FiFa (DOUGLAS),2026-09-01,TAX-2025-02180250143,3026.82,65,Tax delinquent; Past tax sale / redemption period,Douglas County Tax Commissioner (delinquent tax list),https://douglastax.org/delinquent-tax-list
Sandra K,Wespon,,,,,7416 WESTWOOD RD,,GA,,Tax Delinquent / Tax Sale,Tax Sale / FiFa (DOUGLAS),2026-09-01,TAX-2025-02230250024,853.14,65,Tax delinquent; Past tax sale / redemption period,Douglas County Tax Commissioner (delinquent tax list),https://douglastax.org/delinquent-tax-list
"MILLER, H G, ESTATE",,,,,,0 CEDAR MOUNTAIN RD,,GA,,Tax Delinquent / Tax Sale,Tax Sale / FiFa (DOUGLAS),2026-09-01,TAX-2023-02230250188,372.20,65,Tax delinquent; Past tax sale / redemption period,Douglas County Tax Commissioner (delinquent tax list),https://douglastax.org/delinquent-tax-list
"AMH DEVELOPMENT, LLC",,,,,,8106 BROOKBEND DR,,GA,,Tax Delinquent / Tax Sale,Tax Sale / FiFa (DOUGLAS),2026-09-01,TAX-2025-02240250320,788.05,65,Tax delinquent; Past tax sale / redemption period; LLC / corp owner,Douglas County Tax Commissioner (delinquent tax list),https://douglastax.org/delinquent-tax-list
Michael,Mcbrayer,,,,,8555 HIGH POINT RD,,GA,,Tax Delinquent / Tax Sale,Tax Sale / FiFa (DOUGLAS),2026-09-01,TAX-2025-02350250001,1860.11,65,Tax delinquent; Past tax sale / redemption period,Douglas County Tax Commissioner (delinquent tax list),https://douglastax.org/delinquent-tax-list
Cameron,Connors,,,,,0 OLD DOUGLASVILLE RD,,GA,,Tax Delinquent / Tax Sale,Tax Sale / FiFa (DOUGLAS),2026-09-01,TAX-2025-02411820020,70.72,65,Tax delinquent; Past tax sale / redemption period,Douglas County Tax Commissioner (delinquent tax list),https://douglastax.org/delinquent-tax-list
William R,Ferguson,,,,,6437 GORDON ST,,GA,,Tax Delinquent / Tax Sale,Tax Sale / FiFa (DOUGLAS),2026-09-01,TAX-2025-02481820036,698.86,65,Tax delinquent; Past tax sale / redemption period,Douglas County Tax Commissioner (delinquent tax list),https://douglastax.org/delinquent-tax-list
Freida,Richardson,,,,,2340 PACES ESTATES DR,,GA,,Tax Delinquent / Tax Sale,Tax Sale / FiFa (DOUGLAS),2026-09-01,TAX-2025-03181820062,648.75,65,Tax delinquent; Past tax sale / redemption period,Douglas County Tax Commissioner (delinquent tax list),https://douglastax.org/delinquent-tax-list
CITIZENS BANK AND TRUST OF WEST GEORGIA,,,,,,0 HAZEL ST,,GA,,Tax Delinquent / Tax Sale,Tax Sale / FiFa (DOUGLAS),2026-09-01,TAX-2025-03211820058,1070.97,65,Tax delinquent; Past tax sale / redemption period,Douglas County Tax Commissioner (delinquent tax list),https://douglastax.org/delinquent-tax-list
PLAYFUL RIDES LLC,,,,,,352 GREYSTONE LN,,GA,,Tax Delinquent / Tax Sale,Tax Sale / FiFa (DOUGLAS),2026-09-01,TAX-2025-03291820013,151.49,65,Tax delinquent; Past tax sale / redemption period; LLC / corp owner,Douglas County Tax Commissioner (delinquent tax list),https://douglastax.org/delinquent-tax-list
J F,Kuykendoll,,,,,0 VETERANS MEMORIAL HWY,,GA,,Tax Delinquent / Tax Sale,Tax Sale / FiFa (DOUGLAS),2026-09-01,TAX-2024-03601820010,132.60,65,Tax delinquent; Past tax sale / redemption period,Douglas County Tax Commissioner (delinquent tax list),https://douglastax.org/delinquent-tax-list
"MEZICK, LINDA A, ESTATE, ETAL",,,,,,6647 MILLER ST,,GA,,Tax Delinquent / Tax Sale,Tax Sale / FiFa (DOUGLAS),2026-09-01,TAX-2025-03641820010,607.86,65,Tax delinquent; Past tax sale / redemption period,Douglas County Tax Commissioner (delinquent tax list),https://douglastax.org/delinquent-tax-list
Barbara M,Richards,,,,,6728 BAKER DR,,GA,,Tax Delinquent / Tax Sale,Tax Sale / FiFa (DOUGLAS),2026-09-01,TAX-2024-03641820019,320.94,65,Tax delinquent; Past tax sale / redemption period,Douglas County Tax Commissioner (delinquent tax list),https://douglastax.org/delinquent-tax-list
Cesar O,Rendon-Clemente,,,,,10741 VETERANS MEMORIAL HWY,,GA,,Tax Delinquent / Tax Sale,Tax Sale / FiFa (DOUGLAS),2026-09-01,TAX-2025-03641820029,979.56,65,Tax delinquent; Past tax sale / redemption period,Douglas County Tax Commissioner (delinquent tax list),https://douglastax.org/delinquent-tax-list
Mark D,Frutchey,,,,,0 MT VERNON RD,,GA,,Tax Delinquent / Tax Sale,Tax Sale / FiFa (DOUGLAS),2026-09-01,TAX-2025-03701820024,353.42,65,Tax delinquent; Past tax sale / redemption period,Douglas County Tax Commissioner (delinquent tax list),https://douglastax.org/delinquent-tax-list
Ronald Joe,Roberson,,,,,607 PRINCESS CIR,,GA,,Tax Delinquent / Tax Sale,Tax Sale / FiFa (DOUGLAS),2026-09-01,TAX-2025-04291820047,810.20,65,Tax delinquent; Past tax sale / redemption period,Douglas County Tax Commissioner (delinquent tax list),https://douglastax.org/delinquent-tax-list
Daniel D,Ashcraft,,,,,0 CHARLESTON PL,,GA,,Tax Delinquent / Tax Sale,Tax Sale / FiFa (DOUGLAS),2026-09-01,TAX-2024-04301820066,66.37,65,Tax delinquent; Past tax sale / redemption period,Douglas County Tax Commissioner (delinquent tax list),https://douglastax.org/delinquent-tax-list
"3865SPRINGS, LLC",,,,,,3866 SPRING DR,,GA,,Tax Delinquent / Tax Sale,Tax Sale / FiFa (DOUGLAS),2026-09-01,TAX-2025-04341820030,620.90,65,Tax delinquent; Past tax sale / redemption period; LLC / corp owner,Douglas County Tax Commissioner (delinquent tax list),https://douglastax.org/delinquent-tax-list
Jonathan A,Goodson,,,,,6753 SUNSET LN,,GA,,Tax Delinquent / Tax Sale,Tax Sale / FiFa (DOUGLAS),2026-09-01,TAX-2025-04361820022,2612.68,65,Tax delinquent; Past tax sale / redemption period,Douglas County Tax Commissioner (delinquent tax list),https://douglastax.org/delinquent-tax-list
"WHITSON, MONICA SUE BREEDING, ESTATE",,,,,,6786 TRALEE DR,,GA,,Tax Delinquent / Tax Sale,Tax Sale / FiFa (DOUGLAS),2026-09-01,TAX-2025-04381820004,466.15,65,Tax delinquent; Past tax sale / redemption period,Douglas County Tax Commissioner (delinquent tax list),https://douglastax.org/delinquent-tax-list
Marty,Massey,,,,,0 LITTLE RD,,GA,,Tax Delinquent / Tax Sale,Tax Sale / FiFa (DOUGLAS),2026-09-01,TAX-2025-04391820016,2791.00,65,Tax delinquent; Past tax sale / redemption period,Douglas County Tax Commissioner (delinquent tax list),https://douglastax.org/delinquent-tax-list
David Coleman,Land,,,,,4404 BOYD RD,,GA,,Tax Delinquent / Tax Sale,Tax Sale / FiFa (DOUGLAS),2026-09-01,TAX-2025-04451820010,3902.97,65,Tax delinquent; Past tax sale / redemption period,Douglas County Tax Commissioner (delinquent tax list),https://douglastax.org/delinquent-tax-list
Hernandez,Henry,,,,,570 N BURNT HICKORY RD,,GA,,Tax Delinquent / Tax Sale,Tax Sale / FiFa (DOUGLAS),2026-09-01,TAX-2025-04461820005,4883.26,65,Tax delinquent; Past tax sale / redemption period,Douglas County Tax Commissioner (delinquent tax list),https://douglastax.org/delinquent-tax-list
Diego,Trujillo,,,,,0 CLARE LN,,GA,,Tax Delinquent / Tax Sale,Tax Sale / FiFa (DOUGLAS),2026-09-01,TAX-2025-04651820003,107.92,65,Tax delinquent; Past tax sale / redemption period,Douglas County Tax Commissioner (delinquent tax list),https://douglastax.org/delinquent-tax-list
Carolyn Denise,Towry,,,,,4415 CLARE LN,,GA,,Tax Delinquent / Tax Sale,Tax Sale / FiFa (DOUGLAS),2026-09-01,TAX-2025-04651820042,1165.66,65,Tax delinquent; Past tax sale / redemption period,Douglas County Tax Commissioner (delinquent tax list),https://douglastax.org/delinquent-tax-list
Eric H,Hallstrom,,,,,6993 TAMMY LN,,GA,,Tax Delinquent / Tax Sale,Tax Sale / FiFa (DOUGLAS),2026-09-01,TAX-2025-04681820013,1973.87,65,Tax delinquent; Past tax sale / redemption period,Douglas County Tax Commissioner (delinquent tax list),https://douglastax.org/delinquent-tax-list
Brent,Schreiber,,,,,3772 WESLEY DR,,GA,,Tax Delinquent / Tax Sale,Tax Sale / FiFa (DOUGLAS),2026-09-01,TAX-2025-04691820011,532.81,65,Tax delinquent; Past tax sale / redemption period,Douglas County Tax Commissioner (delinquent tax list),https://douglastax.org/delinquent-tax-list
Gerald Todd,Earnhardt,,,,,2156 SKYVIEW DR,,GA,,Tax Delinquent / Tax Sale,Tax Sale / FiFa (DOUGLAS),2026-09-01,TAX-2025-04801820019,369.79,65,Tax delinquent; Past tax sale / redemption period,Douglas County Tax Commissioner (delinquent tax list),https://douglastax.org/delinquent-tax-list
Timothy E,Williams,,,,,1664 BRUMBY CIR,,GA,,Tax Delinquent / Tax Sale,Tax Sale / FiFa (DOUGLAS),2026-09-01,TAX-2025-05251820034,3266.50,65,Tax delinquent; Past tax sale / redemption period,Douglas County Tax Commissioner (delinquent tax list),https://douglastax.org/delinquent-tax-list
James A,Horne,,,,,831 SINYARD RD,,GA,,Tax Delinquent / Tax Sale,Tax Sale / FiFa (DOUGLAS),2026-09-01,TAX-2025-05291820022,446.80,65,Tax delinquent; Past tax sale / redemption period,Douglas County Tax Commissioner (delinquent tax list),https://douglastax.org/delinquent-tax-list
Cindy,Betts,,,,,4427 BLUEBIRD LN,,GA,,Tax Delinquent / Tax Sale,Tax Sale / FiFa (DOUGLAS),2026-09-01,TAX-2025-05371820023,590.62,65,Tax delinquent; Past tax sale / redemption period,Douglas County Tax Commissioner (delinquent tax list),https://douglastax.org/delinquent-tax-list
Artel,Powell,,,,,4433 CANARY CT,,GA,,Tax Delinquent / Tax Sale,Tax Sale / FiFa (DOUGLAS),2026-09-01,TAX-2025-05371820046,525.89,65,Tax delinquent; Past tax sale / redemption period,Douglas County Tax Commissioner (delinquent tax list),https://douglastax.org/delinquent-tax-list
Lisa A K A Lisa Perez Cumez And,Perez,,,,,7126 BLUEBIRD LN,,GA,,Tax Delinquent / Tax Sale,Tax Sale / FiFa (DOUGLAS),2026-09-01,TAX-2025-05371820057,991.90,65,Tax delinquent; Past tax sale / redemption period,Douglas County Tax Commissioner (delinquent tax list),https://douglastax.org/delinquent-tax-list
William E,Foreman,,,,,7075 BLUEBIRD LN,,GA,,Tax Delinquent / Tax Sale,Tax Sale / FiFa (DOUGLAS),2026-09-01,TAX-2025-05381820052,2398.99,65,Tax delinquent; Past tax sale / redemption period,Douglas County Tax Commissioner (delinquent tax list),https://douglastax.org/delinquent-tax-list
"4A REALTY GROUP, INC",,,,,,901 DONNER CT,,GA,,Tax Delinquent / Tax Sale,Tax Sale / FiFa (DOUGLAS),2026-09-01,TAX-2025-05441820048,4400.19,65,Tax delinquent; Past tax sale / redemption period; LLC / corp owner,Douglas County Tax Commissioner (delinquent tax list),https://douglastax.org/delinquent-tax-list
Thomas E,Smith,,,,,3725 RILEY RD,,GA,,Tax Delinquent / Tax Sale,Tax Sale / FiFa (DOUGLAS),2026-09-01,TAX-2025-05611820003,565.41,65,Tax delinquent; Past tax sale / redemption period,Douglas County Tax Commissioner (delinquent tax list),https://douglastax.org/delinquent-tax-list
"FAINN, BARBARA ESTATE",,,,,,3763 RILEY RD,,GA,,Tax Delinquent / Tax Sale,Tax Sale / FiFa (DOUGLAS),2026-09-01,TAX-2024-05611820004,198.10,65,Tax delinquent; Past tax sale / redemption period,Douglas County Tax Commissioner (delinquent tax list),https://douglastax.org/delinquent-tax-list
Benjamin,Hernandez,,,,,0 RILEY RD OFF,,GA,,Tax Delinquent / Tax Sale,Tax Sale / FiFa (DOUGLAS),2026-09-01,TAX-2025-05621820003,81.13,65,Tax delinquent; Past tax sale / redemption period,Douglas County Tax Commissioner (delinquent tax list),https://douglastax.org/delinquent-tax-list
Felipe And,Petrilli-Bolanos,,,,,3231 RILEY RD,,GA,,Tax Delinquent / Tax Sale,Tax Sale / FiFa (DOUGLAS),2026-09-01,TAX-2025-05651820006,1161.14,65,Tax delinquent; Past tax sale / redemption period,Douglas County Tax Commissioner (delinquent tax list),https://douglastax.org/delinquent-tax-list
Edward,Wiley,,,,,7282 N COUNTY LINE RD,,GA,,Tax Delinquent / Tax Sale,Tax Sale / FiFa (DOUGLAS),2026-09-01,TAX-2025-05671820004,948.57,65,Tax delinquent; Past tax sale / redemption period,Douglas County Tax Commissioner (delinquent tax list),https://douglastax.org/delinquent-tax-list
Latonya,Ziegler,,,,,7233 LORENE LN,,GA,,Tax Delinquent / Tax Sale,Tax Sale / FiFa (DOUGLAS),2026-09-01,TAX-2025-05741820014,2989.18,65,Tax delinquent; Past tax sale / redemption period,Douglas County Tax Commissioner (delinquent tax list),https://douglastax.org/delinquent-tax-list
Alma C,Alexander,,,,,7336 MT VERNON RD,,GA,,Tax Delinquent / Tax Sale,Tax Sale / FiFa (DOUGLAS),2026-09-01,TAX-2025-05751820050,508.17,65,Tax delinquent; Past tax sale / redemption period,Douglas County Tax Commissioner (delinquent tax list),https://douglastax.org/delinquent-tax-list
Bolivar Hernandez,Miranda,,,,,995 ASPEN DR,,GA,,Tax Delinquent / Tax Sale,Tax Sale / FiFa (DOUGLAS),2026-09-01,TAX-2025-05761820010,4661.75,65,Tax delinquent; Past tax sale / redemption period,Douglas County Tax Commissioner (delinquent tax list),https://douglastax.org/delinquent-tax-list
Patricia A,Lyles,,,,,1791 SILVERDALE LN,,GA,,Tax Delinquent / Tax Sale,Tax Sale / FiFa (DOUGLAS),2026-09-01,TAX-2025-06211820016,4584.95,65,Tax delinquent; Past tax sale / redemption period,Douglas County Tax Commissioner (delinquent tax list),https://douglastax.org/delinquent-tax-list
Menandro,Martinez,,,,,1056 SILVER MOON TRL,,GA,,Tax Delinquent / Tax Sale,Tax Sale / FiFa (DOUGLAS),2026-09-01,TAX-2025-06211820045,2338.69,65,Tax delinquent; Past tax sale / redemption period,Douglas County Tax Commissioner (delinquent tax list),https://douglastax.org/delinquent-tax-list
Karen W,Bruce,,,,,1092 BUCKBOARD CT,,GA,,Tax Delinquent / Tax Sale,Tax Sale / FiFa (DOUGLAS),2026-09-01,TAX-2025-06331820019,3676.15,65,Tax delinquent; Past tax sale / redemption period,Douglas County Tax Commissioner (delinquent tax list),https://douglastax.org/delinquent-tax-list
Lillie A,Patterson,,,,,3388 HUNTINGTON CT,,GA,,Tax Delinquent / Tax Sale,Tax Sale / FiFa (DOUGLAS),2026-09-01,TAX-2022-06341820024,3087.02,65,Tax delinquent; Past tax sale / redemption period,Douglas County Tax Commissioner (delinquent tax list),https://douglastax.org/delinquent-tax-list
Willie G,Cooper,,,,,6810 WOOD GATE WAY,,GA,,Tax Delinquent / Tax Sale,Tax Sale / FiFa (DOUGLAS),2026-09-01,TAX-2025-06390130027,5294.68,65,Tax delinquent; Past tax sale / redemption period,Douglas County Tax Commissioner (delinquent tax list),https://douglastax.org/delinquent-tax-list
Samuel,Weese,,,,,1161 HUEY RD,,GA,,Tax Delinquent / Tax Sale,Tax Sale / FiFa (DOUGLAS),2026-09-01,TAX-2025-06431820009,701.69,65,Tax delinquent; Past tax sale / redemption period,Douglas County Tax Commissioner (delinquent tax list),https://douglastax.org/delinquent-tax-list
KANN-ALE LLC,,,,,,6215 GROVENER AVE,,GA,,Tax Delinquent / Tax Sale,Tax Sale / FiFa (DOUGLAS),2026-09-01,TAX-2025-06451820043,1126.05,65,Tax delinquent; Past tax sale / redemption period; LLC / corp owner,Douglas County Tax Commissioner (delinquent tax list),https://douglastax.org/delinquent-tax-list
Anthony S,Bell,,,,,1315 HUEY RD,,GA,,Tax Delinquent / Tax Sale,Tax Sale / FiFa (DOUGLAS),2026-09-01,TAX-2025-06491820010,1011.47,65,Tax delinquent; Past tax sale / redemption period,Douglas County Tax Commissioner (delinquent tax list),https://douglastax.org/delinquent-tax-list
"LUDVIGSEN, LOUIS, ESTATE AND ONZELL A",,,,,,3975 HERSHEL DR,,GA,,Tax Delinquent / Tax Sale,Tax Sale / FiFa (DOUGLAS),2026-09-01,TAX-2025-06561820026,1150.16,65,Tax delinquent; Past tax sale / redemption period,Douglas County Tax Commissioner (delinquent tax list),https://douglastax.org/delinquent-tax-list
"KNICKERBOCKER TERMINUS, LLC",,,,,,0 BLAIRS BRIDGE RD,,GA,,Tax Delinquent / Tax Sale,Tax Sale / FiFa (DOUGLAS),2026-09-01,TAX-2025-06741820004,406.98,65,Tax delinquent; Past tax sale / redemption period; LLC / corp owner,Douglas County Tax Commissioner (delinquent tax list),https://douglastax.org/delinquent-tax-list
Latasha,Stewart,,,,,7712 AUTRY CIR 728,,GA,,Tax Delinquent / Tax Sale,Tax Sale / FiFa (DOUGLAS),2026-09-01,TAX-2024-07040130185,817.98,65,Tax delinquent; Past tax sale / redemption period,Douglas County Tax Commissioner (delinquent tax list),https://douglastax.org/delinquent-tax-list
Melania Angue,Osa,,,,,7057 STONERIDGE DR,,GA,,Tax Delinquent / Tax Sale,Tax Sale / FiFa (DOUGLAS),2026-09-01,TAX-2025-07080130045,1461.28,65,Tax delinquent; Past tax sale / redemption period,Douglas County Tax Commissioner (delinquent tax list),https://douglastax.org/delinquent-tax-list
Emily,Meersand,,,,,1144 FOXWOOD DR,,GA,,Tax Delinquent / Tax Sale,Tax Sale / FiFa (DOUGLAS),2026-09-01,TAX-2025-07310130002,517.25,65,Tax delinquent; Past tax sale / redemption period,Douglas County Tax Commissioner (delinquent tax list),https://douglastax.org/delinquent-tax-list
Krista M,Dobson,,,,,1125 THACKERY PL,,GA,,Tax Delinquent / Tax Sale,Tax Sale / FiFa (DOUGLAS),2026-09-01,TAX-2025-07310130053,903.94,65,Tax delinquent; Past tax sale / redemption period,Douglas County Tax Commissioner (delinquent tax list),https://douglastax.org/delinquent-tax-list
David M,Hicks,,,,,1460 CAIN CT N,,GA,,Tax Delinquent / Tax Sale,Tax Sale / FiFa (DOUGLAS),2026-09-01,TAX-2025-07320130031,2256.92,65,Tax delinquent; Past tax sale / redemption period,Douglas County Tax Commissioner (delinquent tax list),https://douglastax.org/delinquent-tax-list
Carrie,Sandberg,,,,,6332 LINECREST DR,,GA,,Tax Delinquent / Tax Sale,Tax Sale / FiFa (DOUGLAS),2026-09-01,TAX-2022-07391820073,1805.24,65,Tax delinquent; Past tax sale / redemption period,Douglas County Tax Commissioner (delinquent tax list),https://douglastax.org/delinquent-tax-list
Troy Patrick,Blissett,,,,,7930 TOWER DR,,GA,,Tax Delinquent / Tax Sale,Tax Sale / FiFa (DOUGLAS),2026-09-01,TAX-2025-07400130022,2062.58,65,Tax delinquent; Past tax sale / redemption period,Douglas County Tax Commissioner (delinquent tax list),https://douglastax.org/delinquent-tax-list
Claudette,Whitley,,,,,6214 KIRKWOOD PL,,GA,,Tax Delinquent / Tax Sale,Tax Sale / FiFa (DOUGLAS),2026-09-01,TAX-2025-07411820059,1874.56,65,Tax delinquent; Past tax sale / redemption period,Douglas County Tax Commissioner (delinquent tax list),https://douglastax.org/delinquent-tax-list
Cristhian,Carmona-Mora,,,,,0 MIMOSA LN OFF,,GA,,Tax Delinquent / Tax Sale,Tax Sale / FiFa (DOUGLAS),2026-09-01,TAX-2024-07441820035,44.93,65,Tax delinquent; Past tax sale / redemption period,Douglas County Tax Commissioner (delinquent tax list),https://douglastax.org/delinquent-tax-list
Fernando,Granados,,,,,0 GREEN ST,,GA,,Tax Delinquent / Tax Sale,Tax Sale / FiFa (DOUGLAS),2026-09-01,TAX-2025-07450130015,565.10,65,Tax delinquent; Past tax sale / redemption period,Douglas County Tax Commissioner (delinquent tax list),https://douglastax.org/delinquent-tax-list
"Herman, Jr",Bryant,,,,,8024 GREEN ST,,GA,,Tax Delinquent / Tax Sale,Tax Sale / FiFa (DOUGLAS),2026-09-01,TAX-2025-07450130019,2172.72,65,Tax delinquent; Past tax sale / redemption period,Douglas County Tax Commissioner (delinquent tax list),https://douglastax.org/delinquent-tax-list
Janaya,Davis,,,,,7955 KAMIRA CT,,GA,,Tax Delinquent / Tax Sale,Tax Sale / FiFa (DOUGLAS),2026-09-01,TAX-2024-07571820046,2041.48,65,Tax delinquent; Past tax sale / redemption period,Douglas County Tax Commissioner (delinquent tax list),https://douglastax.org/delinquent-tax-list
Frank,Domfeh,,,,,7954 KAMIRA CT,,GA,,Tax Delinquent / Tax Sale,Tax Sale / FiFa (DOUGLAS),2026-09-01,TAX-2025-07571820048,1320.04,65,Tax delinquent; Past tax sale / redemption period,Douglas County Tax Commissioner (delinquent tax list),https://douglastax.org/delinquent-tax-list
Mikal,Britt,,,,,3463 SUMMERLIN PKWY,,GA,,Tax Delinquent / Tax Sale,Tax Sale / FiFa (DOUGLAS),2026-09-01,TAX-2025-07591820019,8210.85,65,Tax delinquent; Past tax sale / redemption period,Douglas County Tax Commissioner (delinquent tax list),https://douglastax.org/delinquent-tax-list
"STACK ATLANTA TRS, LLC",,,,,,808 FACTORY SHOALS RD,,GA,,Tax Delinquent / Tax Sale,Tax Sale / FiFa (DOUGLAS),2026-09-01,TAX-2025-07951820006,16589.84,65,Tax delinquent; Past tax sale / redemption period; LLC / corp owner,Douglas County Tax Commissioner (delinquent tax list),https://douglastax.org/delinquent-tax-list
Eric,Bourdony,,,,,1664 TRAIL CREEK DR,,GA,,Tax Delinquent / Tax Sale,Tax Sale / FiFa (DOUGLAS),2026-09-01,TAX-2025-08091820016,1664.01,65,Tax delinquent; Past tax sale / redemption period,Douglas County Tax Commissioner (delinquent tax list),https://douglastax.org/delinquent-tax-list
"LAL, LLC",,,,,,3524 N COUNTY LINE RD,,GA,,Tax Delinquent / Tax Sale,Tax Sale / FiFa (DOUGLAS),2026-09-01,TAX-2025-08121820003,920.31,65,Tax delinquent; Past tax sale / redemption period; LLC / corp owner,Douglas County Tax Commissioner (delinquent tax list),https://douglastax.org/delinquent-tax-list
"NESTLEHUTT, RAYMOND FRANK, ESTATE",,,,,,4270 W LINDA DR,,GA,,Tax Delinquent / Tax Sale,Tax Sale / FiFa (DOUGLAS),2026-09-01,TAX-2025-08201820020,2323.63,65,Tax delinquent; Past tax sale / redemption period,Douglas County Tax Commissioner (delinquent tax list),https://douglastax.org/delinquent-tax-list
Floy L,Gray,,,,,0 ELLIS ST,,GA,,Tax Delinquent / Tax Sale,Tax Sale / FiFa (DOUGLAS),2026-09-01,TAX-2024-08261820023,115.54,65,Tax delinquent; Past tax sale / redemption period,Douglas County Tax Commissioner (delinquent tax list),https://douglastax.org/delinquent-tax-list
Peterson Shun,Marquis,,,,,6197 E STRICKLAND ST,,GA,,Tax Delinquent / Tax Sale,Tax Sale / FiFa (DOUGLAS),2026-09-01,TAX-2024-08291820011,400.55,65,Tax delinquent; Past tax sale / redemption period,Douglas County Tax Commissioner (delinquent tax list),https://douglastax.org/delinquent-tax-list
Jimmy R,Easterwood,,,,,8205 OAK ST,,GA,,Tax Delinquent / Tax Sale,Tax Sale / FiFa (DOUGLAS),2026-09-01,TAX-2025-08301820005,921.78,65,Tax delinquent; Past tax sale / redemption period,Douglas County Tax Commissioner (delinquent tax list),https://douglastax.org/delinquent-tax-list
Ridings Jeanna,S,,,,,6085 HILL ST,,GA,,Tax Delinquent / Tax Sale,Tax Sale / FiFa (DOUGLAS),2026-09-01,TAX-2025-08301820058,1607.35,65,Tax delinquent; Past tax sale / redemption period,Douglas County Tax Commissioner (delinquent tax list),https://douglastax.org/delinquent-tax-list
Betty J,Murray,,,,,8176 CONNALLY DR,,GA,,Tax Delinquent / Tax Sale,Tax Sale / FiFa (DOUGLAS),2026-09-01,TAX-2025-08311820023,1394.90,65,Tax delinquent; Past tax sale / redemption period,Douglas County Tax Commissioner (delinquent tax list),https://douglastax.org/delinquent-tax-list
"Kim, Jr",Johnson,,,,,4289 MIDWAY DR,,GA,,Tax Delinquent / Tax Sale,Tax Sale / FiFa (DOUGLAS),2026-09-01,TAX-2025-08341820016,400.48,65,Tax delinquent; Past tax sale / redemption period,Douglas County Tax Commissioner (delinquent tax list),https://douglastax.org/delinquent-tax-list
Jon,Knight,,,,,4212 MIDVIEW DR,,GA,,Tax Delinquent / Tax Sale,Tax Sale / FiFa (DOUGLAS),2026-09-01,TAX-2025-08351820028,3556.72,65,Tax delinquent; Past tax sale / redemption period,Douglas County Tax Commissioner (delinquent tax list),https://douglastax.org/delinquent-tax-list
"Jose C, Etal",Arroyo,,,,,1730 MT BERRY DR,,GA,,Tax Delinquent / Tax Sale,Tax Sale / FiFa (DOUGLAS),2026-09-01,TAX-2025-08411820018,2733.33,65,Tax delinquent; Past tax sale / redemption period,Douglas County Tax Commissioner (delinquent tax list),https://douglastax.org/delinquent-tax-list
Larita,Jones,,,,,0 W COUNTY LINE RD,,GA,,Tax Delinquent / Tax Sale,Tax Sale / FiFa (DOUGLAS),2026-09-01,TAX-2025-08421820033,618.28,65,Tax delinquent; Past tax sale / redemption period,Douglas County Tax Commissioner (delinquent tax list),https://douglastax.org/delinquent-tax-list
David,Defnall,,,,,0 W COUNTY LINE RD,,GA,,Tax Delinquent / Tax Sale,Tax Sale / FiFa (DOUGLAS),2026-09-01,TAX-2025-08421820035,906.92,65,Tax delinquent; Past tax sale / redemption period,Douglas County Tax Commissioner (delinquent tax list),https://douglastax.org/delinquent-tax-list
David L,Defnall,,,,,0 W COUNTY LINE RD,,GA,,Tax Delinquent / Tax Sale,Tax Sale / FiFa (DOUGLAS),2026-09-01,TAX-2025-08421820036,621.24,65,Tax delinquent; Past tax sale / redemption period,Douglas County Tax Commissioner (delinquent tax list),https://douglastax.org/delinquent-tax-list
Carole E,Wallace,,,,,1837 ORIOLE TRL,,GA,,Tax Delinquent / Tax Sale,Tax Sale / FiFa (DOUGLAS),2026-09-01,TAX-2025-08451820011,616.70,65,Tax delinquent; Past tax sale / redemption period,Douglas County Tax Commissioner (delinquent tax list),https://douglastax.org/delinquent-tax-list
"EXXELL DEVELOPERS, INC",,,,,,0 WINDING CREEK DR OFF,,GA,,Tax Delinquent / Tax Sale,Tax Sale / FiFa (DOUGLAS),2026-09-01,TAX-2025-08461820004,113.85,65,Tax delinquent; Past tax sale / redemption period; LLC / corp owner,Douglas County Tax Commissioner (delinquent tax list),https://douglastax.org/delinquent-tax-list
Tempestt,Johnson,,,,,2680 TRAIL CREEK CIR,,GA,,Tax Delinquent / Tax Sale,Tax Sale / FiFa (DOUGLAS),2026-09-01,TAX-2025-08461820054,901.18,65,Tax delinquent; Past tax sale / redemption period,Douglas County Tax Commissioner (delinquent tax list),https://douglastax.org/delinquent-tax-list
"DOUGLAS HILL PARTNERS, LLC",,,,,,0 DOUGLAS HILL RD,,GA,,Tax Delinquent / Tax Sale,Tax Sale / FiFa (DOUGLAS),2026-09-01,TAX-2025-08781820002,156.97,65,Tax delinquent; Past tax sale / redemption period; LLC / corp owner,Douglas County Tax Commissioner (delinquent tax list),https://douglastax.org/delinquent-tax-list
Rhonda M,Grizzle,,,,,2395 JUSTINE TER,,GA,,Tax Delinquent / Tax Sale,Tax Sale / FiFa (DOUGLAS),2026-09-01,TAX-2025-08901820034,556.10,65,Tax delinquent; Past tax sale / redemption period,Douglas County Tax Commissioner (delinquent tax list),https://douglastax.org/delinquent-tax-list
Kenyatta M,Jackson,,,,,2012 AYLA DR,,GA,,Tax Delinquent / Tax Sale,Tax Sale / FiFa (DOUGLAS),2026-09-01,TAX-2025-09021820055,108.63,65,Tax delinquent; Past tax sale / redemption period,Douglas County Tax Commissioner (delinquent tax list),https://douglastax.org/delinquent-tax-list
Jeremy Quinterrius,Jacobs,,,,,1036 CASTANEA DR,,GA,,Tax Delinquent / Tax Sale,Tax Sale / FiFa (DOUGLAS),2026-09-01,TAX-2025-09101820035,108.63,65,Tax delinquent; Past tax sale / redemption period,Douglas County Tax Commissioner (delinquent tax list),https://douglastax.org/delinquent-tax-list
James Jerry,Harris,,,,,3641 W COUNTY LINE RD,,GA,,Tax Delinquent / Tax Sale,Tax Sale / FiFa (DOUGLAS),2026-09-01,TAX-2024-09131820028,710.04,65,Tax delinquent; Past tax sale / redemption period,Douglas County Tax Commissioner (delinquent tax list),https://douglastax.org/delinquent-tax-list
Joseph,Sessum,,,,,3624 COLONIAL TRL,,GA,,Tax Delinquent / Tax Sale,Tax Sale / FiFa (DOUGLAS),2026-09-01,TAX-2024-09131820039,266.86,65,Tax delinquent; Past tax sale / redemption period,Douglas County Tax Commissioner (delinquent tax list),https://douglastax.org/delinquent-tax-list
Maria,Galeno,,,,,3647 SULLIVAN DR,,GA,,Tax Delinquent / Tax Sale,Tax Sale / FiFa (DOUGLAS),2026-09-01,TAX-2025-09131820058,2798.58,65,Tax delinquent; Past tax sale / redemption period,Douglas County Tax Commissioner (delinquent tax list),https://douglastax.org/delinquent-tax-list
Jose And,Moctezuma,,,,,2021 S COUNTY LINE RD,,GA,,Tax Delinquent / Tax Sale,Tax Sale / FiFa (DOUGLAS),2026-09-01,TAX-2025-09181820001,3717.54,65,Tax delinquent; Past tax sale / redemption period,Douglas County Tax Commissioner (delinquent tax list),https://douglastax.org/delinquent-tax-list
Candelario,Servin,,,,,2040 CHESTNUT LOG DR,,GA,,Tax Delinquent / Tax Sale,Tax Sale / FiFa (DOUGLAS),2026-09-01,TAX-2025-09221820019,2250.23,65,Tax delinquent; Past tax sale / redemption period,Douglas County Tax Commissioner (delinquent tax list),https://douglastax.org/delinquent-tax-list
Mascerlin,Hines,,,,,2055 CHESTNUT LOG DR,,GA,,Tax Delinquent / Tax Sale,Tax Sale / FiFa (DOUGLAS),2026-09-01,TAX-2025-09241820030,2638.46,65,Tax delinquent; Past tax sale / redemption period,Douglas County Tax Commissioner (delinquent tax list),https://douglastax.org/delinquent-tax-list
"COBB-DOUGLAS INVESTORS, LP",,,,,,0 RIVERSIDE PKWY,,GA,,Tax Delinquent / Tax Sale,Tax Sale / FiFa (DOUGLAS),2026-09-01,TAX-2025-09441820001,534.93,65,Tax delinquent; Past tax sale / redemption period; LLC / corp owner,Douglas County Tax Commissioner (delinquent tax list),https://douglastax.org/delinquent-tax-list
Sara J,Worthy,,,,,2240 HUCKLEBERRY LN,,GA,,Tax Delinquent / Tax Sale,Tax Sale / FiFa (DOUGLAS),2026-09-01,TAX-2025-09571820021,544.71,65,Tax delinquent; Past tax sale / redemption period,Douglas County Tax Commissioner (delinquent tax list),https://douglastax.org/delinquent-tax-list
Christina Ruth,Keener,,,,,8590 CHESTNUT LN,,GA,,Tax Delinquent / Tax Sale,Tax Sale / FiFa (DOUGLAS),2026-09-01,TAX-2025-09611820007,304.53,65,Tax delinquent; Past tax sale / redemption period,Douglas County Tax Commissioner (delinquent tax list),https://douglastax.org/delinquent-tax-list
Camessa,Dukes,,,,,8660 CHESTNUT LN,,GA,,Tax Delinquent / Tax Sale,Tax Sale / FiFa (DOUGLAS),2026-09-01,TAX-2025-09611820012,1546.67,65,Tax delinquent; Past tax sale / redemption period,Douglas County Tax Commissioner (delinquent tax list),https://douglastax.org/delinquent-tax-list
Castellanos,Giorgia,,,,,3830 S COUNTY LINE RD,,GA,,Tax Delinquent / Tax Sale,Tax Sale / FiFa (DOUGLAS),2026-09-01,TAX-2025-09621820012,710.11,65,Tax delinquent; Past tax sale / redemption period,Douglas County Tax Commissioner (delinquent tax list),https://douglastax.org/delinquent-tax-list
"D R HORTON, INC",,,,,,2222 LEE RD,,GA,,Tax Delinquent / Tax Sale,Tax Sale / FiFa (DOUGLAS),2026-09-01,TAX-2025-09641820006,879.56,65,Tax delinquent; Past tax sale / redemption period; LLC / corp owner,Douglas County Tax Commissioner (delinquent tax list),https://douglastax.org/delinquent-tax-list
Dorothy M,Skinner,,,,,2166 TERRY LN,,GA,,Tax Delinquent / Tax Sale,Tax Sale / FiFa (DOUGLAS),2026-09-01,TAX-2025-09691820019,1888.03,65,Tax delinquent; Past tax sale / redemption period,Douglas County Tax Commissioner (delinquent tax list),https://douglastax.org/delinquent-tax-list
Christopher,Frazier,,,,,8733 N VIEW DR,,GA,,Tax Delinquent / Tax Sale,Tax Sale / FiFa (DOUGLAS),2026-09-01,TAX-2025-09761820009,3213.21,65,Tax delinquent; Past tax sale / redemption period,Douglas County Tax Commissioner (delinquent tax list),https://douglastax.org/delinquent-tax-list
Deysy Chavez,Maya,,,,,3867 W WAY DR,,GA,,Tax Delinquent / Tax Sale,Tax Sale / FiFa (DOUGLAS),2026-09-01,TAX-2025-09771820037,342.19,65,Tax delinquent; Past tax sale / redemption period,Douglas County Tax Commissioner (delinquent tax list),https://douglastax.org/delinquent-tax-list
"V12 CUSTOM HOMES, INC",,,,,,8969 MEADOW DR,,GA,,Tax Delinquent / Tax Sale,Tax Sale / FiFa (DOUGLAS),2026-09-01,TAX-2025-10081820027,3087.10,65,Tax delinquent; Past tax sale / redemption period; LLC / corp owner,Douglas County Tax Commissioner (delinquent tax list),https://douglastax.org/delinquent-tax-list
"BURGE, CHESTER, ESTATE AND DIANE M",,,,,,3616 MEADOWVIEW DR,,GA,,Tax Delinquent / Tax Sale,Tax Sale / FiFa (DOUGLAS),2026-09-01,TAX-2025-10091820016,465.71,65,Tax delinquent; Past tax sale / redemption period,Douglas County Tax Commissioner (delinquent tax list),https://douglastax.org/delinquent-tax-list
Linda P,Hendricks,,,,,3676 MEADOWVIEW DR,,GA,,Tax Delinquent / Tax Sale,Tax Sale / FiFa (DOUGLAS),2026-09-01,TAX-2025-10091820022,277.27,65,Tax delinquent; Past tax sale / redemption period,Douglas County Tax Commissioner (delinquent tax list),https://douglastax.org/delinquent-tax-list
Juanita Leach,Smith,,,,,,,GA,,Tax Delinquent / Tax Sale,Legal Notice (TAX),2026-09-23,GPN-110ff9c0e92ae603,,60,Tax delinquent; New this week,Georgia Public Notice (legal organ advertisement),https://www.georgiapublicnotice.com/search.aspx
